{"stats":{"minecraft:crafted":{"minecraft:smooth_stone":4,"epicsamurai:silver_ingot":54,"minecraft:cherry_wood":54,"epicsamurai:katana_kitsune_blue":1,"epicpaladins:bloodstone_axe":1,"sophisticatedbackpacks:crafting_upgrade":1,"sophisticatedbackpacks:auto_smoking_upgrade":1,"minecraft:cooked_mutton":22,"sophisticatedbackpacks:smelting_upgrade":2,"epicsamurai:katana_oni":1,"epicsamurai:blue_samurai_chestplate":1,"epicsamurai:white_samurai_helmet":1,"minecraft:wooden_shovel":3,"epicsamurai:green_samurai_leggings_master":1,"minecraft:emerald":1,"minecraft:cooked_porkchop":26,"minecraft:smithing_table":1,"minecraft:copper_ingot":178,"sophisticatedbackpacks:auto_smelting_upgrade":1,"minecraft:iron_pickaxe":1,"minecraft:iron_block":18,"minecraft:gold_ingot":48,"minecraft:netherite_ingot":1,"sophisticatedbackpacks:stack_upgrade_tier_1":2,"epicpaladins:jade_pickaxe":1,"minecraft:stone_pickaxe":1,"epicsamurai:katana_akaname":1,"minecraft:wheat":369,"epicsamurai:katana_handle":4,"epicsamurai:katana_netherite":3,"sophisticatedbackpacks:advanced_tool_swapper_upgrade":1,"sophisticatedbackpacks:gold_backpack":1,"stalwart_dungeons:tungsten_shield":1,"epicsamurai:green_samurai_boots_light":1,"minecraft:wooden_axe":2,"epicsamurai:steel_ingot":107,"minecraft:oak_planks":208,"simplyswords:iron_katana":2,"minecraft:stone":365,"epicpaladins:arclight_pickaxe":1,"stalwart_dungeons:tungsten_helmet":2,"epicsamurai:blue_samurai_leggings_master":1,"minecraft:hopper":3,"justhammers:diamond_hammer":2,"minecraft:chest":16,"minecraft:copper_block":19,"minecraft:netherite_upgrade_smithing_template":8,"minecraft:smoker":1,"sophisticatedbackpacks:backpack":1,"minecraft:crafting_table":9,"minecraft:wooden_pickaxe":1,"minecraft:gold_block":8,"epicsamurai:silver_block":1,"sophisticatedbackpacks:upgrade_base":7,"simplyswords:diamond_katana":1,"minecraft:iron_chestplate":1,"minecraft:shield":1,"sophisticatedbackpacks:diamond_backpack":1,"minecraft:stick":48,"minecraft:iron_ingot":209,"minecraft:shears":1,"minecraft:cherry_planks":280,"minecraft:wooden_sword":1,"epicsamurai:katana":4,"stalwart_dungeons:tungsten_leggings":1,"sophisticatedbackpacks:tool_swapper_upgrade":1,"minecraft:furnace":6,"minecraft:blast_furnace":1,"minecraft:iron_axe":2,"epicsamurai:blue_samurai_leggings_light":1,"botania:flower_bag":1,"stalwart_dungeons:tungsten_boots":1,"sophisticatedbackpacks:stack_upgrade_tier_2":2,"minecraft:netherite_scrap":2,"sophisticatedbackpacks:iron_backpack":1,"stalwart_dungeons:tungsten_ingot":27,"minecraft:cooked_beef":33,"minecraft:bucket":1,"minecraft:stone_axe":2,"minecraft:air":0,"minecraft:bread":123,"justhammers:iron_hammer":2,"stalwart_dungeons:tungsten_chestplate":1,"minecraft:gold_nugget":9,"epicpaladins:jade_axe":1,"botania:magenta_petal":2,"sophisticatedbackpacks:smoking_upgrade":1,"minecraft:anvil":1,"minecraft:torch":32},"minecraft:mined":{"irons_spellbooks:armor_pile":4,"epicpaladins:cryorium_ore":4,"minecraft:cherry_log":1075,"alexsmobs:leafcutter_anthill":1,"minecraft:red_nether_bricks":3,"minecraft:granite":5,"epicsamurai:silver_ore":10,"minecraft:spawner":14,"minecraft:polished_blackstone_bricks":154,"minecraft:tall_seagrass":1,"epicpaladins:moonlight_ore":24,"epicsamurai:deepslate_jade_ore":11,"minecraft:magma_block":8,"botania:purple_mystical_flower":9,"minecraft:fire":26,"minecraft:cobbled_deepslate":5,"minecraft:stripped_dark_oak_wood":2,"minecraft:sculk_shrieker":5,"stalwart_dungeons:soul_magma_bricks":3,"botania:light_blue_mystical_flower":2,"minecraft:tripwire":4,"botania:green_mystical_flower":7,"minecraft:crimson_nylium":41,"minecraft:soul_fire":9,"minecraft:torch":17,"irons_spellbooks:arcane_debris":1,"botania:black_mystical_flower":4,"minecraft:black_bed":4,"minecraft:grass":46,"epicpaladins:arclight_ore":16,"minecraft:deepslate":269,"minecraft:dark_prismarine":1,"minecraft:mossy_cobblestone":2,"epicsamurai:deepslate_onyx_ore":4,"stalwart_dungeons:soul_bricks":13,"minecraft:nether_bricks":13,"minecraft:crimson_roots":1,"alexsmobs:leafcutter_ant_chamber":10,"minecraft:cherry_wood":99,"minecraft:red_mushroom":1,"epicpaladins:deepslate_arclight_ore":28,"botania:magenta_mystical_flower":9,"minecraft:suspicious_sand":1,"minecraft:andesite":13,"dynamictrees:oak_branch":46,"irons_spellbooks:inscription_table":1,"minecraft:white_wool":121,"dynamictrees:acacia_branch":50,"botania:lime_mystical_flower":3,"epicsamurai:jade_ore":3,"minecraft:cherry_planks":8,"minecraft:soul_sand":71,"minecraft:warped_roots":5,"minecraft:tall_grass":4,"minecraft:copper_ore":43,"minecraft:deepslate_gold_ore":3,"minecraft:diorite":24,"stalwart_dungeons:tungsten_ore":9,"travelersbackpack:squid":1,"epicpaladins:bloodstone_ore":1,"minecraft:coarse_dirt":12,"dynamictrees:warped_sapling":1,"minecraft:gravel":227,"botania:gray_mystical_flower":3,"minecraft:cobweb":150,"minecraft:stone_bricks":1,"minecraft:fern":1,"stalwart_dungeons:spore_vaporizer":1,"minecraft:spruce_planks":22,"minecraft:jungle_slab":2,"minecraft:sculk_vein":3,"minecraft:grass_block":27,"minecraft:cracked_polished_blackstone_bricks":94,"minecraft:soul_soil":8,"minecraft:iron_ore":132,"epicsamurai:deepslate_silver_ore":42,"minecraft:iron_bars":1,"dynamictrees:crimson_wart":1,"epicsamurai:spirit_stone_base":4,"botania:orange_mystical_flower":3,"minecraft:blackstone":118,"stalwart_dungeons:transient_block_close":6,"stalwart_dungeons:soul_tiles":6,"minecraft:calcite":2,"minecraft:chest":2,"minecraft:nether_quartz_ore":43,"minecraft:cobblestone":65,"botania:blue_mystical_flower":20,"minecraft:oak_planks":77,"minecraft:wall_torch":4,"minecraft:warped_nylium":8,"epicsamurai:aquamarine_ore":12,"epicpaladins:deepslate_cryorium_ore":21,"minecraft:tnt":1,"minecraft:oak_log":34,"botania:gray_double_flower":4,"minecraft:sand":15,"minecraft:dirt":119,"minecraft:crimson_planks":1,"minecraft:tripwire_hook":1,"minecraft:wither_skeleton_skull":1,"minecraft:netherrack":3336,"minecraft:oak_leaves":3,"minecraft:nether_gold_ore":3,"minecraft:tuff":4,"minecraft:deepslate_diamond_ore":18,"dynamictrees:birch_branch":51,"minecraft:glow_lichen":1,"minecraft:sandstone":2,"minecraft:hay_block":71,"minecraft:furnace":2,"minecraft:polished_basalt":5,"minecraft:gold_block":63,"minecraft:deepslate_iron_ore":10,"minecraft:shroomlight":44,"minecraft:stone":1019,"botania:light_blue_double_flower":1,"sophisticatedbackpacks:backpack":1,"epicpaladins:deepslate_bloodstone_ore":16,"minecraft:basalt":290,"epicsamurai:deepslate_aquamarine_ore":5,"minecraft:crafting_table":14,"minecraft:sculk_sensor":19,"minecraft:polished_blackstone_brick_stairs":1,"minecraft:sculk":3,"minecraft:air":46,"minecraft:spruce_stairs":5,"minecraft:birch_planks":1,"minecraft:coal_ore":200,"minecraft:mossy_stone_bricks":1},"minecraft:killed":{"alexsmobs:lobster":9,"minecraft:cave_spider":15,"irons_spellbooks:summoned_polar_bear":2,"minecraft:skeleton":116,"alexsmobs:leafcutter_ant":11,"minecraft:chicken":1,"majruszsdifficulty:creeperling":10,"alexsmobs:straddler":2,"alexsmobs:centipede_head":1,"minecraft:magma_cube":3,"stalwart_dungeons:giddy_blaze":52,"majruszsdifficulty:tank":1,"minecraft:iron_golem":1,"alexsmobs:seal":4,"minecraft:pillager":13,"minecraft:zombie":176,"stalwart_dungeons:incomplete_wither":7,"minecraft:cow":13,"minecraft:vindicator":16,"majruszsdifficulty:illusioner":1,"alexsmobs:seagull":1,"epicsamurai:oni":1,"stalwart_dungeons:nether_wart_cocoon":7,"minecraft:warden":2,"minecraft:husk":23,"epicsamurai:akaname":8,"irons_spellbooks:citadel_keeper":4,"majruszsdifficulty:cursed_armor":10,"alexsmobs:rhinoceros":1,"minecraft:enderman":7,"minecraft:zombified_piglin":20,"minecraft:witch":2,"minecraft:spider":28,"irons_spellbooks:summoned_skeleton":4,"minecraft:piglin_brute":21,"artifacts:mimic":4,"minecraft:piglin":26,"minecraft:pig":13,"minecraft:zombie_villager":2,"epicsamurai:kitsune":1,"alexsmobs:stradpole":2,"epicsamurai:jorogumo":1,"irons_spellbooks:necromancer":4,"minecraft:creeper":37,"alexsmobs:crimson_mosquito":41,"alexsmobs:warped_toad":1,"minecraft:sheep":11,"minecraft:stray":7,"minecraft:ghast":2,"alexsmobs:fly":2,"minecraft:blaze":8,"alexsmobs:bone_serpent":1,"alexsmobs:dropbear":4,"irons_spellbooks:summoned_zombie":7,"minecraft:drowned":15,"majruszsdifficulty:cerberus":1,"alexsmobs:flying_fish":1,"stalwart_dungeons:reinforced_blaze":43,"minecraft:bat":4,"aquaculture:jellyfish":1,"minecraft:hoglin":9,"alexsmobs:cockroach":2,"minecraft:wither_skeleton":11},"minecraft:picked_up":{"minecraft:chainmail_boots":1,"alexsmobs:bone_serpent_tooth":4,"minecraft:brewing_stand":1,"simplyswords:iron_rapier":1,"minecraft:golden_sword":3,"epicsamurai:blue_samurai_leggings_master":1,"minecraft:polished_blackstone_brick_stairs":1,"minecraft:string":185,"minecraft:soul_soil":7,"minecraft:red_nether_bricks":7,"minecraft:shroomlight":36,"minecraft:gold_nugget":51,"minecraft:cobbled_deepslate":10263,"minecraft:spruce_planks":26,"minecraft:netherite_upgrade_smithing_template":1,"minecraft:golden_helmet":1,"minecraft:acacia_log":8,"stalwart_dungeons:tungsten_chestplate":2,"stalwart_dungeons:tungsten_boots":1,"minecraft:golden_axe":3,"minecraft:cherry_log":1060,"epicpaladins:moonlight_gem":24,"minecraft:golden_chestplate":1,"alexsmobs:centipede_leg":2,"stalwart_dungeons:soul_magma_bricks":2,"minecraft:polished_basalt":5,"minecraft:blaze_rod":114,"alexsmobs:flying_fish":2,"alexsmobs:lobster_tail":3,"minecraft:iron_bars":1,"minecraft:birch_log":4,"minecraft:magma_block":10,"minecraft:feather":2,"minecraft:cooked_beef":2,"artifacts:thorn_pendant":2,"minecraft:flint":28,"irons_spellbooks:keeper_flamberge":1,"stalwart_dungeons:blaze_armor_scrap":32,"minecraft:dark_oak_sign":4,"minecraft:glowstone_dust":4,"epicsamurai:raw_silver":61,"aquaculture:jellyfish":1,"minecraft:warped_wart_block":90,"dynamictrees:acacia_seed":1,"minecraft:ink_sac":4,"minecraft:bundle":12,"stalwart_dungeons:spore_vaporizer":1,"artifacts:crystal_heart":1,"minecraft:granite":5,"stalwart_dungeons:tungsten_leggings":1,"minecraft:bread":24,"alexsmobs:maggot":4,"epicsamurai:ruby":29,"minecraft:crimson_roots":18,"minecraft:crafting_table":14,"minecraft:coarse_dirt":9,"minecraft:nether_wart":4,"minecraft:leather_leggings":2,"irons_spellbooks:diamond_spell_book":1,"epicsamurai:jade":55,"minecraft:beef":28,"minecraft:iron_nugget":77,"minecraft:poppy":1,"minecraft:chest":3,"dynamictrees:cocoa_seed":2,"minecraft:egg":14,"minecraft:sandstone":1,"minecraft:stone":2,"alexsmobs:straddlite":1,"sophisticatedbackpacks:backpack":4,"minecraft:carrot":11,"minecraft:redstone":332,"minecraft:tnt":1,"epicsamurai:blue_samurai_chestplate":1,"minecraft:hay_block":71,"tombstone:essence_of_undeath":1,"minecraft:glow_berries":5,"minecraft:mutton":19,"minecraft:white_wool":96,"minecraft:rail":17,"epicsamurai:kitsune_hide":1,"minecraft:tripwire_hook":1,"majruszsdifficulty:tattered_helmet":4,"minecraft:red_mushroom":1,"majruszsdifficulty:cloth":12,"minecraft:oak_log":73,"minecraft:golden_boots":1,"alexsmobs:mosquito_proboscis":5,"epicsamurai:oni_horn":2,"majruszsdifficulty:tattered_leggings":5,"minecraft:apple":2,"minecraft:stone_bricks":1,"minecraft:warped_stem":190,"minecraft:cobweb":23,"tombstone:bag_of_seeds":4,"minecraft:glass_bottle":1,"epicsamurai:aquamarine":41,"minecraft:gravel":152,"justhammers:diamond_hammer":1,"minecraft:warped_roots":5,"minecraft:melon_seeds":2,"minecraft:warped_nylium":1,"epicsamurai:spirit_flame":6,"minecraft:ender_pearl":5,"irons_spellbooks:scroll":6,"minecraft:nether_brick":73,"minecraft:crimson_planks":1,"minecraft:raw_copper":160,"epicpaladins:bloodstone_gem":39,"minecraft:purple_banner":1,"stalwart_dungeons:tungsten_helmet":2,"alexsmobs:dropbear_claw":2,"irons_spellbooks:arcane_essence":37,"alexsmobs:blood_sac":16,"minecraft:calcite":2,"dynamictrees:oak_seed":23,"irons_spellbooks:inscription_table":1,"minecraft:furnace":2,"alexsmobs:leafcutter_ant_chamber":4,"minecraft:iron_boots":1,"minecraft:tipped_arrow":4,"minecraft:stick":350,"epicpaladins:arclight_gem":72,"minecraft:oak_fence":2,"minecraft:torch":33,"minecraft:spruce_stairs":5,"minecraft:porkchop":44,"minecraft:dried_kelp":14,"tombstone:grave_dust":44,"minecraft:diorite":27,"minecraft:rotten_flesh":304,"epicpaladins:cryorium_gem":30,"irons_spellbooks:arcane_debris":14,"minecraft:cobblestone":1690,"tombstone:soul_receptacle":1,"minecraft:cherry_planks":8,"minecraft:andesite":24,"minecraft:black_bed":5,"minecraft:potato":1,"paraglider:spirit_orb":14,"minecraft:tuff":333,"minecraft:wither_skeleton_skull":1,"minecraft:lapis_lazuli":148,"minecraft:dirt":274,"minecraft:name_tag":2,"irons_spellbooks:hogskin":4,"minecraft:bone":222,"minecraft:bow":4,"minecraft:wheat_seeds":7,"minecraft:raw_gold":55,"stalwart_dungeons:tungsten_shield":1,"dynamictrees:warped_seed":1,"minecraft:mossy_stone_bricks":1,"minecraft:oak_planks":85,"minecraft:ghast_tear":1,"minecraft:cooked_porkchop":1,"irons_spellbooks:frozen_bone":42,"travelersbackpack:squid":2,"minecraft:sand":12,"minecraft:grass_block":1,"minecraft:jungle_slab":5,"minecraft:mossy_cobblestone":1,"minecraft:dark_prismarine":1,"minecraft:sugar":2,"minecraft:diamond":109,"minecraft:cherry_wood":99,"minecraft:cracked_polished_blackstone_bricks":85,"minecraft:crossbow":2,"epicsamurai:jorogumo_eye":4,"minecraft:golden_apple":1,"epicsamurai:katana_akaname":12,"minecraft:emerald":7,"minecraft:oak_sapling":3,"minecraft:netherrack":3376,"majruszsdifficulty:tattered_boots":6,"artifacts:night_vision_goggles":1,"minecraft:splash_potion":1,"minecraft:chest_minecart":2,"minecraft:gold_block":60,"stalwart_dungeons:soul_bricks":12,"minecraft:shield":1,"minecraft:iron_axe":1,"minecraft:item_frame":1,"botania:magenta_mystical_flower":1,"minecraft:blackstone":111,"aquaculture:bluegill":1,"minecraft:detector_rail":11,"epicsamurai:akaname_tongue":9,"minecraft:light_gray_wool":1,"tombstone:ankh_of_pray":1,"minecraft:raw_iron":166,"minecraft:copper_ingot":1,"minecraft:polished_blackstone_bricks":147,"alexsmobs:leafcutter_ant_pupa":4,"irons_spellbooks:mana_ring":1,"artifacts:snorkel":1,"minecraft:arrow":171,"minecraft:weeping_vines":5,"stalwart_dungeons:raw_tungsten":27,"minecraft:nether_bricks":11,"artifacts:running_shoes":1,"minecraft:stripped_dark_oak_wood":3,"majruszsdifficulty:cerberus_fang":3,"minecraft:glistering_melon_slice":13,"epicsamurai:spirit_stone_base":10,"minecraft:basalt":275,"minecraft:glow_ink_sac":3,"minecraft:crimson_stem":14,"minecraft:leather":20,"minecraft:birch_planks":2,"artifacts:superstitious_hat":1,"minecraft:chainmail_chestplate":1,"minecraft:nether_wart_block":3,"minecraft:gunpowder":50,"tombstone:voodoo_poppet":1,"minecraft:iron_ingot":8,"dynamictrees:birch_seed":3,"irons_spellbooks:cinder_essence":5,"minecraft:soul_sand":68,"epicsamurai:onyx":13,"stalwart_dungeons:transient_block_close":4,"minecraft:sculk_catalyst":3,"minecraft:quartz":42,"stalwart_dungeons:soul_tiles":9,"minecraft:spider_eye":22,"minecraft:cherry_sapling":407,"tombstone:magic_scroll":9,"minecraft:black_wool":1,"majruszsdifficulty:tattered_chestplate":7,"minecraft:coal":264},"minecraft:broken":{"minecraft:iron_boots":2,"minecraft:iron_chestplate":1,"minecraft:iron_leggings":1,"minecraft:fishing_rod":1,"minecraft:iron_axe":1,"minecraft:iron_pickaxe":1,"minecraft:iron_helmet":1,"simplyswords:iron_katana":1,"minecraft:stone_axe":2,"minecraft:wooden_axe":1,"epicsamurai:white_samurai_helmet":1,"stalwart_dungeons:tungsten_helmet":1,"justhammers:iron_hammer":2,"epicsamurai:green_samurai_boots_light":1},"minecraft:dropped":{"minecraft:crimson_stem":7,"minecraft:iron_sword":1,"minecraft:porkchop":1,"minecraft:lapis_lazuli":29,"minecraft:cooked_beef":10,"minecraft:glow_ink_sac":3,"dynamictrees:cocoa_seed":2,"minecraft:glass_bottle":1,"minecraft:diamond":26,"minecraft:crafting_table":1,"minecraft:cooked_porkchop":7,"minecraft:crossbow":2,"minecraft:weeping_vines":5,"minecraft:glow_berries":5,"minecraft:warped_roots":5,"minecraft:rail":17,"minecraft:red_mushroom":1,"minecraft:dirt":89,"alexsmobs:flying_fish":2,"epicsamurai:spirit_stone_base":3,"irons_spellbooks:arcane_essence":66,"minecraft:gold_nugget":16,"minecraft:sand":8,"minecraft:sugar":2,"epicpaladins:bloodstone_axe":1,"majruszsdifficulty:tattered_leggings":5,"minecraft:fishing_rod":1,"minecraft:bone":61,"alexsmobs:centipede_leg":2,"minecraft:iron_nugget":8,"simplyswords:iron_katana":1,"minecraft:detector_rail":11,"minecraft:cobbled_deepslate":4001,"minecraft:nether_brick":39,"minecraft:wheat":2,"minecraft:obsidian":1,"minecraft:rotten_flesh":263,"minecraft:oak_planks":9,"minecraft:glowstone_dust":2,"minecraft:echo_shard":4,"alexsmobs:leafcutter_ant_pupa":3,"alexsmobs:blood_sac":7,"minecraft:tipped_arrow":2,"minecraft:leather_leggings":2,"epicsamurai:akaname_tongue":2,"stalwart_dungeons:transient_block_close":4,"minecraft:red_nether_bricks":7,"minecraft:warped_wart_block":50,"minecraft:crying_obsidian":2,"minecraft:ghast_tear":1,"stalwart_dungeons:tungsten_ingot":10,"alexsmobs:mosquito_proboscis":1,"minecraft:egg":8,"minecraft:crimson_planks":1,"minecraft:enchanted_book":2,"minecraft:iron_ingot":6,"minecraft:wheat_seeds":10,"minecraft:cobblestone":151,"minecraft:coal":31,"minecraft:golden_apple":1,"stalwart_dungeons:soul_bricks":1,"minecraft:jungle_slab":4,"stalwart_dungeons:tungsten_chestplate":2,"alexsmobs:leafcutter_ant_chamber":4,"aquaculture:jellyfish":1,"minecraft:potion":2,"minecraft:dried_kelp":21,"minecraft:golden_hoe":1,"minecraft:heart_of_the_sea":1,"minecraft:smooth_stone":1,"stalwart_dungeons:tungsten_boots":1,"minecraft:string":102,"tombstone:voodoo_poppet":1,"stalwart_dungeons:soul_tiles":9,"epicsamurai:blue_samurai_chestplate":2,"minecraft:soul_soil":3,"minecraft:dark_oak_sign":4,"minecraft:cocoa_beans":2,"sophisticatedbackpacks:backpack":1,"minecraft:name_tag":1,"minecraft:nether_bricks":5,"minecraft:torchflower_seeds":3,"minecraft:potato":1,"minecraft:shroomlight":1,"minecraft:stone":2,"minecraft:piglin_banner_pattern":1,"minecraft:bundle":4,"minecraft:spruce_planks":13,"minecraft:wooden_shovel":1,"minecraft:spider_eye":20,"minecraft:bow":3,"minecraft:magma_block":10,"minecraft:black_wool":1,"minecraft:candle":15,"minecraft:soul_sand":7,"minecraft:birch_planks":2,"sophisticatedbackpacks:stack_upgrade_tier_2":1,"minecraft:oak_log":1,"minecraft:golden_pickaxe":1,"epicsamurai:onyx":4,"minecraft:netherite_upgrade_smithing_template":1,"majruszsdifficulty:tattered_helmet":4,"minecraft:leather":6,"minecraft:chest_minecart":2,"stalwart_dungeons:tungsten_shield":1,"paraglider:spirit_orb":4,"minecraft:flint":13,"artifacts:night_vision_goggles":1,"minecraft:cracked_polished_blackstone_bricks":74,"epicsamurai:katana_akaname":12,"minecraft:polished_blackstone_brick_stairs":1,"irons_spellbooks:hogskin":2,"minecraft:crimson_roots":9,"majruszsdifficulty:tattered_boots":6,"minecraft:polished_blackstone_bricks":113,"minecraft:birch_log":4,"minecraft:gravel":60,"majruszsdifficulty:tattered_chestplate":7,"minecraft:blackstone":24,"stalwart_dungeons:tungsten_leggings":1,"epicsamurai:spirit_flame":5,"minecraft:diamond_shovel":1,"minecraft:carrot":3,"minecraft:recovery_compass":1,"minecraft:chainmail_chestplate":2,"minecraft:gunpowder":37,"minecraft:beetroot_seeds":3,"minecraft:melon_seeds":3,"minecraft:chainmail_boots":1,"irons_spellbooks:arcane_debris":1,"minecraft:basalt":128,"minecraft:iron_bars":1,"minecraft:arrow":11,"minecraft:quartz":27,"minecraft:netherrack":2225,"minecraft:bread":10,"justhammers:diamond_hammer":2,"minecraft:golden_helmet":1,"minecraft:cherry_log":4,"minecraft:golden_axe":3,"minecraft:spruce_stairs":2,"minecraft:acacia_log":8,"minecraft:grass_block":1,"simplyswords:gold_greataxe":1,"minecraft:stick":26,"irons_spellbooks:scroll":3,"epicsamurai:steel_ingot":30,"minecraft:diorite":3,"minecraft:torch":1,"minecraft:sculk_catalyst":3,"stalwart_dungeons:tungsten_helmet":2,"epicsamurai:blue_samurai_leggings_master":2,"botania:magenta_petal":1,"minecraft:nether_wart_block":3,"epicpaladins:jade_pickaxe":1,"tombstone:grave_dust":10,"minecraft:iron_axe":2,"minecraft:polished_basalt":5,"sophisticatedbackpacks:jukebox_upgrade":1,"irons_spellbooks:frozen_bone":13,"minecraft:redstone":45,"alexsmobs:maggot":2,"minecraft:warped_nylium":1,"minecraft:coarse_dirt":9,"minecraft:nether_wart":12,"minecraft:blaze_rod":4,"minecraft:raw_copper":6,"minecraft:tuff":217,"minecraft:raw_iron":11,"simplyswords:diamond_sai":1,"minecraft:sculk_sensor":7,"minecraft:flint_and_steel":1,"minecraft:filled_map":1,"minecraft:shield":1,"alexsmobs:lobster_tail":1,"dynamictrees:warped_seed":1,"minecraft:andesite":20,"minecraft:mossy_stone_bricks":1,"minecraft:golden_sword":3,"minecraft:stone_pickaxe":1},"minecraft:used":{"irons_spellbooks:inscription_table":1,"minecraft:poppy":1,"minecraft:chest":12,"minecraft:stone":338,"minecraft:rotten_flesh":7,"aquaculture:bluegill":1,"minecraft:soul_sand":13,"epicpaladins:bloodstone_axe":1324,"minecraft:jungle_slab":1,"majruszsdifficulty:golden_bandage":3,"minecraft:lava_bucket":2,"minecraft:stripped_dark_oak_wood":3,"stalwart_dungeons:spore_vaporizer":1,"minecraft:furnace":4,"minecraft:oak_sapling":3,"epicsamurai:katana_oni":3,"minecraft:egg":6,"stalwart_dungeons:tungsten_chestplate":1,"minecraft:diorite":24,"simplyswords:gold_greataxe":2,"minecraft:golden_apple":3,"stalwart_dungeons:soul_bricks":11,"minecraft:blast_furnace":1,"dynamictrees:acacia_seed":1,"epicsamurai:katana_kitsune_blue":3,"minecraft:smithing_table":1,"tombstone:scroll_of_lightning_resistance":2,"minecraft:netherrack":929,"minecraft:torch":136,"minecraft:anvil":1,"simplyswords:iron_katana":251,"tombstone:ankh_of_pray":23,"minecraft:iron_axe":249,"travelersbackpack:squid":62,"stalwart_dungeons:soul_magma_bricks":2,"minecraft:basalt":86,"minecraft:tripwire_hook":1,"minecraft:beef":2,"tombstone:gift":5,"minecraft:cobbled_deepslate":76,"minecraft:cherry_log":266,"minecraft:calcite":2,"minecraft:water_bucket":61,"minecraft:cherry_planks":21,"minecraft:polished_blackstone_bricks":28,"minecraft:mossy_cobblestone":1,"minecraft:crafting_table":20,"minecraft:tnt":1,"justhammers:diamond_hammer":1226,"minecraft:cake":4,"alexsmobs:leafcutter_ant_pupa":1,"justhammers:iron_hammer":201,"minecraft:oak_log":20,"minecraft:dark_prismarine":1,"stalwart_dungeons:tungsten_leggings":1,"epicpaladins:arclight_pickaxe":4603,"majruszsdifficulty:undead_army_treasure_bag":2,"minecraft:diamond_shovel":295,"minecraft:iron_pickaxe":246,"tombstone:magic_scroll":5,"minecraft:cobblestone":414,"minecraft:potion":1,"majruszsdifficulty:warden_treasure_bag":5,"minecraft:cooked_porkchop":21,"minecraft:porkchop":21,"minecraft:cherry_sapling":76,"minecraft:shield":26,"simplyswords:diamond_sai":7,"minecraft:nether_bricks":6,"minecraft:carrot":22,"minecraft:tuff":1,"minecraft:stone_bricks":1,"minecraft:item_frame":1,"minecraft:stone_pickaxe":5,"minecraft:oak_planks":97,"epicsamurai:katana_akaname":838,"minecraft:golden_hoe":59,"minecraft:mushroom_stew":1,"minecraft:black_bed":5,"minecraft:shears":146,"sophisticatedbackpacks:backpack":2,"minecraft:bread":110,"minecraft:string":4,"minecraft:gravel":15,"minecraft:andesite":4,"minecraft:golden_pickaxe":8,"minecraft:experience_bottle":25,"minecraft:cherry_boat":1,"minecraft:cherry_wood":99,"minecraft:flint_and_steel":4,"minecraft:spruce_planks":11,"stalwart_dungeons:tungsten_boots":1,"dynamictrees:oak_seed":23,"minecraft:wooden_shovel":14,"minecraft:dirt":168,"minecraft:spruce_stairs":3,"minecraft:granite":5,"minecraft:purple_banner":1,"minecraft:wooden_axe":63,"dynamictrees:birch_seed":3,"minecraft:iron_boots":1,"epicpaladins:jade_pickaxe":1338,"minecraft:light_gray_wool":1,"minecraft:golden_carrot":39,"minecraft:soul_soil":2,"minecraft:cooked_beef":22,"minecraft:iron_leggings":1,"minecraft:cooked_mutton":22,"tombstone:scroll_of_knowledge":1,"simplyswords:diamond_katana":1256,"epicpaladins:jade_axe":116,"stalwart_dungeons:tungsten_helmet":1,"tombstone:tablet_of_home":1,"minecraft:smoker":1,"tombstone:bag_of_seeds":1,"minecraft:apple":2,"minecraft:stone_axe":213,"irons_spellbooks:keeper_flamberge":415,"minecraft:fishing_rod":20,"minecraft:bucket":64,"minecraft:pumpkin_pie":4,"alexsmobs:animal_dictionary":3,"minecraft:splash_potion":1},"minecraft:custom":{"minecraft:interact_with_crafting_table":124,"minecraft:open_barrel":86,"goblintraders:trade_with_goblin":126,"minecraft:eat_cake_slice":20,"minecraft:leave_game":5,"minecraft:time_since_death":126647,"minecraft:damage_blocked_by_shield":988,"minecraft:play_time":905921,"minecraft:deaths":9,"minecraft:jump":13390,"minecraft:enchant_item":14,"minecraft:interact_with_furnace":73,"minecraft:interact_with_cartography_table":1,"minecraft:sleep_in_bed":6,"minecraft:waystone_activated":2,"minecraft:damage_dealt":198269,"tombstone:undead_killed":397,"minecraft:interact_with_smoker":28,"minecraft:inspect_dispenser":1,"minecraft:interact_with_smithing_table":14,"minecraft:interact_with_anvil":8,"minecraft:damage_dealt_absorbed":492,"minecraft:sneak_time":42619,"minecraft:interact_with_blast_furnace":46,"minecraft:total_world_time":905921,"tombstone:raider_killed":31,"minecraft:tune_noteblock":19,"tombstone:pray_on_grave":1,"minecraft:time_since_rest":126474,"tombstone:cast_on_ally":0,"minecraft:swim_one_cm":489683,"minecraft:fly_one_cm":2139450,"minecraft:open_chest":383,"minecraft:fall_one_cm":423809,"minecraft:damage_resisted":191,"minecraft:sprint_one_cm":1668229,"minecraft:drop":739,"minecraft:walk_on_water_one_cm":317510,"tombstone:steal_effect":35,"minecraft:player_kills":3,"minecraft:crouch_one_cm":155099,"minecraft:mob_kills":959,"minecraft:damage_dealt_resisted":856,"minecraft:climb_one_cm":11539,"minecraft:walk_one_cm":2979571,"minecraft:walk_under_water_one_cm":395709,"tombstone:free_soul":1,"minecraft:damage_taken":36655,"minecraft:damage_absorbed":360,"minecraft:trigger_trapped_chest":3}},"DataVersion":3465}