{"stats":{"minecraft:crafted":{"minecraft:smooth_stone":4,"minecraft:oak_planks":208,"epicsamurai:silver_ingot":3,"minecraft:cherry_wood":54,"simplyswords:iron_katana":2,"minecraft:stone":306,"epicpaladins:bloodstone_axe":1,"minecraft:cooked_mutton":22,"minecraft:chest":11,"minecraft:smoker":1,"minecraft:wooden_shovel":1,"epicsamurai:green_samurai_leggings_master":1,"sophisticatedbackpacks:backpack":1,"minecraft:cooked_porkchop":14,"minecraft:crafting_table":6,"minecraft:copper_ingot":60,"simplyswords:diamond_katana":1,"minecraft:iron_chestplate":1,"minecraft:shield":1,"minecraft:stick":48,"minecraft:iron_ingot":56,"minecraft:iron_pickaxe":1,"minecraft:iron_block":3,"minecraft:shears":1,"minecraft:cherry_planks":100,"minecraft:furnace":4,"minecraft:blast_furnace":1,"epicpaladins:jade_pickaxe":1,"minecraft:iron_axe":2,"botania:flower_bag":1,"minecraft:stone_pickaxe":1,"minecraft:wheat":369,"sophisticatedbackpacks:iron_backpack":1,"minecraft:cooked_beef":33,"sophisticatedbackpacks:gold_backpack":1,"minecraft:stone_axe":2,"minecraft:bread":123,"minecraft:air":0,"justhammers:iron_hammer":2,"epicpaladins:jade_axe":1,"epicsamurai:green_samurai_boots_light":1,"botania:magenta_petal":2,"minecraft:wooden_axe":1,"minecraft:anvil":1,"epicsamurai:steel_ingot":57,"minecraft:torch":32},"minecraft:mined":{"minecraft:spruce_planks":22,"minecraft:jungle_slab":2,"epicpaladins:cryorium_ore":4,"minecraft:cherry_log":988,"minecraft:sculk_vein":2,"alexsmobs:leafcutter_anthill":1,"minecraft:granite":5,"epicsamurai:silver_ore":6,"minecraft:grass_block":15,"minecraft:spawner":11,"minecraft:tall_seagrass":1,"epicsamurai:deepslate_jade_ore":11,"minecraft:magma_block":8,"botania:purple_mystical_flower":9,"minecraft:iron_ore":127,"minecraft:fire":1,"minecraft:stripped_dark_oak_wood":2,"minecraft:sculk_shrieker":5,"minecraft:iron_bars":1,"epicsamurai:deepslate_silver_ore":1,"botania:light_blue_mystical_flower":2,"minecraft:tripwire":4,"epicsamurai:spirit_stone_base":4,"botania:green_mystical_flower":7,"botania:orange_mystical_flower":3,"minecraft:torch":16,"minecraft:calcite":2,"minecraft:chest":2,"minecraft:cobblestone":58,"botania:blue_mystical_flower":20,"minecraft:oak_planks":72,"minecraft:wall_torch":3,"botania:black_mystical_flower":4,"epicsamurai:aquamarine_ore":12,"minecraft:black_bed":3,"minecraft:grass":44,"minecraft:oak_log":34,"botania:gray_double_flower":4,"minecraft:sand":15,"minecraft:dirt":116,"minecraft:crimson_planks":1,"minecraft:tripwire_hook":1,"minecraft:oak_leaves":3,"epicpaladins:arclight_ore":16,"minecraft:deepslate":7,"minecraft:dark_prismarine":1,"minecraft:tuff":1,"minecraft:mossy_cobblestone":2,"dynamictrees:birch_branch":51,"minecraft:glow_lichen":1,"alexsmobs:leafcutter_ant_chamber":10,"minecraft:cherry_wood":99,"minecraft:sandstone":2,"epicpaladins:deepslate_arclight_ore":8,"minecraft:hay_block":71,"botania:magenta_mystical_flower":9,"minecraft:furnace":2,"minecraft:suspicious_sand":1,"dynamictrees:oak_branch":46,"minecraft:deepslate_iron_ore":8,"botania:light_blue_double_flower":1,"minecraft:stone":883,"sophisticatedbackpacks:backpack":1,"minecraft:white_wool":121,"dynamictrees:acacia_branch":50,"botania:lime_mystical_flower":3,"epicsamurai:jade_ore":3,"minecraft:cherry_planks":8,"minecraft:crafting_table":11,"minecraft:sculk_sensor":8,"minecraft:tall_grass":4,"minecraft:copper_ore":43,"minecraft:sculk":2,"minecraft:diorite":24,"minecraft:air":46,"minecraft:spruce_stairs":5,"travelersbackpack:squid":1,"epicpaladins:bloodstone_ore":1,"minecraft:birch_planks":1,"minecraft:coarse_dirt":12,"minecraft:coal_ore":199,"minecraft:gravel":25,"botania:gray_mystical_flower":3,"minecraft:cobweb":122,"minecraft:stone_bricks":1,"minecraft:mossy_stone_bricks":1,"minecraft:fern":1},"minecraft:picked_up":{"minecraft:crimson_planks":1,"minecraft:brewing_stand":1,"minecraft:string":126,"minecraft:raw_copper":160,"epicpaladins:bloodstone_gem":12,"minecraft:purple_banner":1,"minecraft:cobbled_deepslate":400,"minecraft:spruce_planks":26,"minecraft:calcite":2,"dynamictrees:oak_seed":23,"minecraft:furnace":2,"minecraft:iron_boots":1,"alexsmobs:leafcutter_ant_chamber":4,"minecraft:tipped_arrow":1,"minecraft:stick":293,"epicpaladins:arclight_gem":24,"minecraft:torch":30,"minecraft:acacia_log":8,"minecraft:spruce_stairs":5,"minecraft:porkchop":29,"minecraft:cherry_log":973,"tombstone:grave_dust":7,"minecraft:diorite":27,"epicpaladins:cryorium_gem":6,"minecraft:rotten_flesh":85,"minecraft:iron_bars":1,"alexsmobs:lobster_tail":2,"alexsmobs:flying_fish":2,"minecraft:cobblestone":1536,"minecraft:birch_log":4,"minecraft:magma_block":10,"minecraft:cooked_beef":2,"minecraft:cherry_planks":8,"minecraft:andesite":9,"minecraft:black_bed":4,"paraglider:spirit_orb":12,"minecraft:flint":4,"minecraft:tuff":17,"minecraft:lapis_lazuli":67,"minecraft:dirt":219,"minecraft:name_tag":2,"minecraft:bone":76,"minecraft:bow":3,"minecraft:wheat_seeds":6,"minecraft:dark_oak_sign":4,"minecraft:mossy_stone_bricks":1,"minecraft:glowstone_dust":4,"epicsamurai:raw_silver":10,"minecraft:oak_planks":82,"aquaculture:jellyfish":1,"irons_spellbooks:frozen_bone":16,"minecraft:cooked_porkchop":1,"travelersbackpack:squid":2,"minecraft:sand":12,"dynamictrees:acacia_seed":1,"minecraft:ink_sac":4,"minecraft:grass_block":1,"minecraft:jungle_slab":5,"minecraft:mossy_cobblestone":1,"minecraft:dark_prismarine":1,"minecraft:bundle":4,"minecraft:cherry_wood":99,"minecraft:granite":5,"minecraft:crossbow":2,"epicsamurai:jorogumo_eye":2,"minecraft:emerald":7,"minecraft:bread":24,"alexsmobs:maggot":2,"epicsamurai:ruby":1,"minecraft:oak_sapling":3,"minecraft:coarse_dirt":9,"minecraft:crafting_table":11,"minecraft:chest_minecart":1,"minecraft:iron_axe":1,"minecraft:item_frame":1,"epicsamurai:jade":25,"botania:magenta_mystical_flower":1,"aquaculture:bluegill":1,"minecraft:detector_rail":10,"minecraft:beef":28,"minecraft:poppy":1,"minecraft:light_gray_wool":1,"minecraft:chest":3,"dynamictrees:cocoa_seed":2,"minecraft:egg":12,"minecraft:raw_iron":156,"minecraft:sandstone":1,"minecraft:copper_ingot":1,"sophisticatedbackpacks:backpack":3,"minecraft:carrot":1,"minecraft:redstone":11,"alexsmobs:leafcutter_ant_pupa":4,"minecraft:arrow":63,"minecraft:hay_block":71,"minecraft:stripped_dark_oak_wood":3,"minecraft:glistering_melon_slice":13,"epicsamurai:spirit_stone_base":10,"minecraft:mutton":19,"minecraft:rail":6,"minecraft:white_wool":96,"minecraft:tripwire_hook":1,"minecraft:leather":17,"majruszsdifficulty:cloth":12,"minecraft:birch_planks":2,"minecraft:oak_log":73,"artifacts:superstitious_hat":1,"minecraft:gunpowder":30,"tombstone:voodoo_poppet":1,"minecraft:apple":2,"minecraft:stone_bricks":1,"majruszsdifficulty:tattered_leggings":1,"minecraft:iron_ingot":6,"dynamictrees:birch_seed":3,"minecraft:cobweb":23,"tombstone:bag_of_seeds":1,"minecraft:glass_bottle":1,"epicsamurai:aquamarine":12,"epicsamurai:onyx":6,"minecraft:gravel":23,"minecraft:spider_eye":11,"minecraft:cherry_sapling":407,"tombstone:magic_scroll":5,"minecraft:melon_seeds":1,"minecraft:black_wool":1,"minecraft:coal":233,"minecraft:ender_pearl":2},"minecraft:killed":{"alexsmobs:lobster":3,"minecraft:cave_spider":6,"minecraft:witch":1,"minecraft:spider":13,"minecraft:skeleton":47,"alexsmobs:leafcutter_ant":11,"minecraft:chicken":1,"irons_spellbooks:summoned_skeleton":2,"artifacts:mimic":1,"minecraft:pig":13,"alexsmobs:seal":4,"minecraft:iron_golem":1,"irons_spellbooks:necromancer":1,"minecraft:creeper":15,"minecraft:sheep":11,"minecraft:pillager":13,"minecraft:zombie":52,"minecraft:stray":3,"alexsmobs:fly":1,"minecraft:cow":13,"irons_spellbooks:summoned_zombie":4,"minecraft:vindicator":16,"alexsmobs:seagull":1,"minecraft:drowned":15,"alexsmobs:flying_fish":1,"minecraft:husk":14,"minecraft:bat":2,"aquaculture:jellyfish":1,"alexsmobs:rhinoceros":1,"alexsmobs:cockroach":1,"minecraft:enderman":4},"minecraft:broken":{"minecraft:iron_boots":2,"simplyswords:iron_katana":1,"minecraft:iron_chestplate":1,"minecraft:iron_leggings":1,"minecraft:stone_axe":2,"minecraft:wooden_axe":1,"minecraft:fishing_rod":1,"justhammers:iron_hammer":1,"minecraft:iron_axe":1,"minecraft:iron_pickaxe":1,"minecraft:iron_helmet":1},"minecraft:dropped":{"minecraft:candle":5,"minecraft:birch_planks":2,"minecraft:porkchop":1,"minecraft:lapis_lazuli":10,"minecraft:cooked_beef":10,"minecraft:oak_log":1,"dynamictrees:cocoa_seed":2,"minecraft:golden_pickaxe":1,"minecraft:cooked_porkchop":7,"minecraft:crossbow":2,"minecraft:leather":3,"minecraft:chest_minecart":1,"minecraft:rail":6,"minecraft:flint":4,"minecraft:dirt":35,"alexsmobs:flying_fish":2,"epicsamurai:spirit_stone_base":3,"minecraft:sand":8,"majruszsdifficulty:tattered_leggings":1,"minecraft:birch_log":4,"minecraft:fishing_rod":1,"minecraft:bone":13,"minecraft:gravel":10,"minecraft:detector_rail":10,"simplyswords:iron_katana":1,"minecraft:cobbled_deepslate":330,"minecraft:wheat":2,"minecraft:obsidian":1,"minecraft:rotten_flesh":91,"minecraft:oak_planks":8,"minecraft:glowstone_dust":2,"minecraft:echo_shard":1,"alexsmobs:leafcutter_ant_pupa":3,"minecraft:tipped_arrow":1,"minecraft:gunpowder":25,"minecraft:beetroot_seeds":3,"minecraft:melon_seeds":1,"minecraft:iron_bars":1,"minecraft:arrow":10,"minecraft:egg":6,"minecraft:crimson_planks":1,"minecraft:bread":10,"minecraft:enchanted_book":2,"minecraft:iron_ingot":2,"minecraft:wheat_seeds":6,"minecraft:cobblestone":68,"minecraft:spruce_stairs":2,"minecraft:acacia_log":8,"minecraft:grass_block":1,"minecraft:coal":9,"minecraft:stick":15,"minecraft:jungle_slab":4,"epicsamurai:steel_ingot":30,"minecraft:diorite":3,"minecraft:torch":1,"alexsmobs:leafcutter_ant_chamber":4,"botania:magenta_petal":1,"tombstone:grave_dust":6,"aquaculture:jellyfish":1,"minecraft:golden_hoe":1,"minecraft:heart_of_the_sea":1,"minecraft:iron_axe":2,"minecraft:smooth_stone":1,"sophisticatedbackpacks:jukebox_upgrade":1,"minecraft:string":52,"tombstone:voodoo_poppet":1,"minecraft:redstone":13,"alexsmobs:maggot":2,"minecraft:coarse_dirt":9,"minecraft:dark_oak_sign":4,"minecraft:raw_copper":6,"minecraft:tuff":16,"minecraft:raw_iron":11,"minecraft:sculk_sensor":2,"minecraft:name_tag":1,"minecraft:flint_and_steel":1,"minecraft:filled_map":1,"minecraft:spruce_planks":13,"minecraft:andesite":9,"minecraft:mossy_stone_bricks":1,"minecraft:wooden_shovel":1,"minecraft:spider_eye":11,"minecraft:bow":3,"minecraft:stone_pickaxe":1,"minecraft:magma_block":10,"minecraft:black_wool":1},"minecraft:used":{"minecraft:cherry_sapling":76,"minecraft:poppy":1,"minecraft:chest":12,"minecraft:shield":11,"minecraft:stone":305,"minecraft:rotten_flesh":7,"aquaculture:bluegill":1,"epicpaladins:bloodstone_axe":1319,"simplyswords:diamond_sai":7,"minecraft:carrot":16,"minecraft:jungle_slab":1,"majruszsdifficulty:golden_bandage":3,"minecraft:tuff":1,"minecraft:stripped_dark_oak_wood":3,"minecraft:stone_bricks":1,"minecraft:item_frame":1,"minecraft:oak_sapling":3,"minecraft:furnace":4,"minecraft:egg":6,"minecraft:diorite":24,"minecraft:oak_planks":97,"minecraft:stone_pickaxe":5,"minecraft:golden_apple":1,"minecraft:golden_hoe":59,"minecraft:mushroom_stew":1,"minecraft:blast_furnace":1,"minecraft:black_bed":4,"minecraft:shears":146,"sophisticatedbackpacks:backpack":2,"minecraft:bread":110,"minecraft:string":4,"dynamictrees:acacia_seed":1,"minecraft:gravel":6,"minecraft:golden_pickaxe":8,"minecraft:experience_bottle":1,"minecraft:cherry_wood":99,"minecraft:flint_and_steel":4,"minecraft:spruce_planks":11,"minecraft:wooden_shovel":14,"dynamictrees:oak_seed":23,"minecraft:torch":99,"minecraft:dirt":167,"minecraft:anvil":1,"simplyswords:iron_katana":251,"minecraft:spruce_stairs":3,"minecraft:granite":5,"minecraft:purple_banner":1,"minecraft:wooden_axe":63,"minecraft:iron_axe":249,"travelersbackpack:squid":7,"dynamictrees:birch_seed":3,"minecraft:iron_boots":1,"epicpaladins:jade_pickaxe":1155,"minecraft:light_gray_wool":1,"minecraft:tripwire_hook":1,"minecraft:beef":2,"tombstone:gift":5,"minecraft:cooked_beef":20,"minecraft:cobbled_deepslate":29,"minecraft:cherry_log":190,"minecraft:iron_leggings":1,"minecraft:calcite":2,"minecraft:cooked_mutton":22,"simplyswords:diamond_katana":784,"minecraft:cherry_planks":8,"minecraft:mossy_cobblestone":1,"minecraft:crafting_table":17,"justhammers:iron_hammer":154,"alexsmobs:leafcutter_ant_pupa":1,"minecraft:cake":4,"minecraft:smoker":1,"minecraft:oak_log":20,"minecraft:dark_prismarine":1,"minecraft:apple":2,"majruszsdifficulty:undead_army_treasure_bag":2,"minecraft:iron_pickaxe":246,"tombstone:magic_scroll":3,"minecraft:stone_axe":213,"minecraft:fishing_rod":20,"minecraft:cobblestone":352,"majruszsdifficulty:warden_treasure_bag":1,"minecraft:porkchop":18,"minecraft:cooked_porkchop":8,"minecraft:pumpkin_pie":4,"alexsmobs:animal_dictionary":2},"minecraft:custom":{"minecraft:interact_with_crafting_table":62,"minecraft:open_barrel":71,"goblintraders:trade_with_goblin":30,"minecraft:eat_cake_slice":20,"minecraft:leave_game":5,"minecraft:time_since_death":5013,"minecraft:damage_resisted":159,"minecraft:sprint_one_cm":785014,"minecraft:damage_blocked_by_shield":280,"minecraft:drop":258,"minecraft:play_time":409453,"minecraft:deaths":7,"minecraft:jump":7021,"minecraft:walk_on_water_one_cm":204861,"minecraft:interact_with_furnace":62,"minecraft:interact_with_cartography_table":1,"minecraft:sleep_in_bed":4,"minecraft:waystone_activated":2,"minecraft:damage_dealt":70612,"minecraft:crouch_one_cm":64119,"tombstone:undead_killed":140,"minecraft:interact_with_smoker":15,"minecraft:inspect_dispenser":1,"minecraft:interact_with_smithing_table":3,"minecraft:interact_with_anvil":3,"minecraft:mob_kills":352,"minecraft:damage_dealt_resisted":352,"minecraft:climb_one_cm":9955,"minecraft:walk_one_cm":1327093,"minecraft:damage_dealt_absorbed":350,"minecraft:sneak_time":20414,"minecraft:walk_under_water_one_cm":299841,"minecraft:interact_with_blast_furnace":20,"minecraft:total_world_time":409453,"tombstone:raider_killed":30,"minecraft:tune_noteblock":19,"minecraft:time_since_rest":4787,"minecraft:damage_taken":16745,"minecraft:damage_absorbed":99,"minecraft:swim_one_cm":487590,"minecraft:fly_one_cm":1230808,"minecraft:open_chest":143,"minecraft:fall_one_cm":232123}},"DataVersion":3465}