{"stats":{"minecraft:crafted":{"minecraft:oak_planks":208,"minecraft:smooth_stone":4,"epicsamurai:silver_ingot":48,"minecraft:cherry_wood":54,"simplyswords:iron_katana":2,"minecraft:stone":339,"epicpaladins:arclight_pickaxe":1,"epicpaladins:bloodstone_axe":1,"minecraft:cooked_mutton":22,"epicsamurai:blue_samurai_leggings_master":1,"minecraft:chest":11,"epicsamurai:blue_samurai_chestplate":1,"epicsamurai:white_samurai_helmet":1,"minecraft:smoker":1,"epicsamurai:green_samurai_leggings_master":1,"minecraft:wooden_shovel":2,"sophisticatedbackpacks:backpack":1,"minecraft:cooked_porkchop":14,"minecraft:crafting_table":7,"minecraft:wooden_pickaxe":1,"minecraft:copper_ingot":114,"sophisticatedbackpacks:upgrade_base":1,"simplyswords:diamond_katana":1,"minecraft:iron_chestplate":1,"minecraft:shield":1,"minecraft:stick":48,"minecraft:iron_ingot":125,"minecraft:iron_pickaxe":1,"minecraft:iron_block":3,"minecraft:gold_ingot":18,"minecraft:shears":1,"minecraft:cherry_planks":104,"minecraft:wooden_sword":1,"sophisticatedbackpacks:tool_swapper_upgrade":1,"minecraft:furnace":4,"minecraft:blast_furnace":1,"epicpaladins:jade_pickaxe":1,"minecraft:iron_axe":2,"epicsamurai:blue_samurai_leggings_light":1,"botania:flower_bag":1,"minecraft:stone_pickaxe":1,"minecraft:wheat":369,"sophisticatedbackpacks:iron_backpack":1,"minecraft:cooked_beef":33,"sophisticatedbackpacks:advanced_tool_swapper_upgrade":1,"sophisticatedbackpacks:gold_backpack":1,"minecraft:bucket":1,"minecraft:stone_axe":2,"minecraft:bread":123,"minecraft:air":0,"justhammers:iron_hammer":2,"epicpaladins:jade_axe":1,"epicsamurai:green_samurai_boots_light":1,"botania:magenta_petal":2,"minecraft:wooden_axe":2,"minecraft:anvil":1,"epicsamurai:steel_ingot":57,"minecraft:torch":32},"minecraft:mined":{"minecraft:spruce_planks":22,"epicpaladins:cryorium_ore":4,"minecraft:jungle_slab":2,"minecraft:cherry_log":988,"minecraft:sculk_vein":3,"alexsmobs:leafcutter_anthill":1,"minecraft:granite":5,"epicsamurai:silver_ore":6,"minecraft:grass_block":15,"minecraft:spawner":13,"minecraft:tall_seagrass":1,"epicsamurai:deepslate_jade_ore":11,"minecraft:magma_block":8,"botania:purple_mystical_flower":9,"minecraft:iron_ore":127,"minecraft:cobbled_deepslate":5,"minecraft:fire":2,"minecraft:stripped_dark_oak_wood":2,"minecraft:sculk_shrieker":5,"minecraft:iron_bars":1,"epicsamurai:deepslate_silver_ore":40,"botania:light_blue_mystical_flower":2,"minecraft:tripwire":4,"botania:green_mystical_flower":7,"epicsamurai:spirit_stone_base":4,"botania:orange_mystical_flower":3,"minecraft:torch":16,"minecraft:calcite":2,"minecraft:chest":2,"minecraft:cobblestone":63,"botania:blue_mystical_flower":20,"minecraft:oak_planks":73,"botania:black_mystical_flower":4,"minecraft:wall_torch":3,"epicsamurai:aquamarine_ore":12,"epicpaladins:deepslate_cryorium_ore":21,"minecraft:tnt":1,"minecraft:black_bed":3,"minecraft:grass":44,"minecraft:oak_log":34,"botania:gray_double_flower":4,"minecraft:sand":15,"minecraft:dirt":119,"minecraft:crimson_planks":1,"minecraft:tripwire_hook":1,"minecraft:oak_leaves":3,"epicpaladins:arclight_ore":16,"minecraft:deepslate":49,"minecraft:dark_prismarine":1,"minecraft:tuff":4,"minecraft:mossy_cobblestone":2,"epicsamurai:deepslate_onyx_ore":4,"dynamictrees:birch_branch":51,"minecraft:deepslate_diamond_ore":2,"minecraft:glow_lichen":1,"alexsmobs:leafcutter_ant_chamber":10,"minecraft:cherry_wood":99,"minecraft:sandstone":2,"epicpaladins:deepslate_arclight_ore":15,"minecraft:hay_block":71,"botania:magenta_mystical_flower":9,"minecraft:furnace":2,"minecraft:suspicious_sand":1,"dynamictrees:oak_branch":46,"minecraft:deepslate_iron_ore":10,"irons_spellbooks:inscription_table":1,"botania:light_blue_double_flower":1,"minecraft:stone":934,"sophisticatedbackpacks:backpack":1,"minecraft:white_wool":121,"dynamictrees:acacia_branch":50,"botania:lime_mystical_flower":3,"epicsamurai:jade_ore":3,"minecraft:cherry_planks":8,"epicpaladins:deepslate_bloodstone_ore":13,"epicsamurai:deepslate_aquamarine_ore":5,"minecraft:crafting_table":12,"minecraft:sculk_sensor":19,"minecraft:copper_ore":43,"minecraft:tall_grass":4,"minecraft:deepslate_gold_ore":3,"minecraft:sculk":3,"minecraft:diorite":24,"minecraft:air":46,"minecraft:spruce_stairs":5,"travelersbackpack:squid":1,"minecraft:birch_planks":1,"epicpaladins:bloodstone_ore":1,"minecraft:coarse_dirt":12,"minecraft:coal_ore":199,"minecraft:gravel":25,"botania:gray_mystical_flower":3,"minecraft:cobweb":150,"minecraft:stone_bricks":1,"minecraft:mossy_stone_bricks":1,"minecraft:fern":1},"minecraft:killed":{"alexsmobs:lobster":9,"minecraft:cave_spider":15,"minecraft:witch":2,"minecraft:spider":25,"irons_spellbooks:summoned_polar_bear":1,"minecraft:skeleton":66,"alexsmobs:leafcutter_ant":11,"minecraft:chicken":1,"alexsmobs:centipede_head":1,"irons_spellbooks:summoned_skeleton":4,"artifacts:mimic":2,"minecraft:pig":13,"alexsmobs:seal":4,"minecraft:iron_golem":1,"epicsamurai:kitsune":1,"epicsamurai:jorogumo":1,"irons_spellbooks:necromancer":2,"minecraft:creeper":30,"minecraft:sheep":11,"minecraft:pillager":13,"minecraft:zombie":81,"minecraft:stray":3,"alexsmobs:fly":1,"minecraft:cow":13,"irons_spellbooks:summoned_zombie":7,"minecraft:vindicator":16,"alexsmobs:seagull":1,"minecraft:drowned":15,"minecraft:warden":2,"alexsmobs:flying_fish":1,"minecraft:husk":14,"minecraft:bat":3,"majruszsdifficulty:cursed_armor":1,"aquaculture:jellyfish":1,"alexsmobs:rhinoceros":1,"alexsmobs:cockroach":2,"minecraft:enderman":4},"minecraft:picked_up":{"irons_spellbooks:scroll":2,"minecraft:crimson_planks":1,"minecraft:brewing_stand":1,"minecraft:string":179,"minecraft:raw_copper":160,"epicpaladins:bloodstone_gem":25,"minecraft:purple_banner":1,"irons_spellbooks:arcane_essence":2,"minecraft:cobbled_deepslate":450,"minecraft:spruce_planks":26,"minecraft:calcite":2,"dynamictrees:oak_seed":23,"irons_spellbooks:inscription_table":1,"minecraft:iron_boots":1,"alexsmobs:leafcutter_ant_chamber":4,"minecraft:furnace":2,"minecraft:tipped_arrow":1,"minecraft:stick":295,"epicpaladins:arclight_gem":31,"minecraft:oak_fence":2,"minecraft:torch":31,"minecraft:acacia_log":8,"minecraft:spruce_stairs":5,"minecraft:porkchop":29,"minecraft:cherry_log":973,"tombstone:grave_dust":13,"minecraft:diorite":27,"alexsmobs:centipede_leg":2,"epicpaladins:cryorium_gem":27,"minecraft:rotten_flesh":106,"minecraft:iron_bars":1,"alexsmobs:lobster_tail":3,"alexsmobs:flying_fish":2,"minecraft:cobblestone":1587,"minecraft:birch_log":4,"minecraft:magma_block":10,"minecraft:cooked_beef":2,"minecraft:cherry_planks":8,"minecraft:andesite":9,"minecraft:black_bed":4,"minecraft:potato":1,"artifacts:thorn_pendant":1,"paraglider:spirit_orb":14,"minecraft:flint":4,"minecraft:tuff":19,"minecraft:lapis_lazuli":67,"minecraft:dirt":222,"minecraft:name_tag":2,"minecraft:bone":87,"minecraft:bow":3,"minecraft:wheat_seeds":6,"minecraft:raw_gold":4,"minecraft:dark_oak_sign":4,"minecraft:mossy_stone_bricks":1,"minecraft:glowstone_dust":4,"epicsamurai:raw_silver":48,"minecraft:oak_planks":83,"aquaculture:jellyfish":1,"irons_spellbooks:frozen_bone":16,"minecraft:cooked_porkchop":1,"travelersbackpack:squid":2,"minecraft:sand":12,"dynamictrees:acacia_seed":1,"minecraft:ink_sac":4,"minecraft:grass_block":1,"minecraft:jungle_slab":5,"minecraft:mossy_cobblestone":1,"minecraft:dark_prismarine":1,"minecraft:bundle":5,"minecraft:sugar":2,"minecraft:diamond":2,"minecraft:cherry_wood":99,"minecraft:granite":5,"minecraft:crossbow":2,"epicsamurai:jorogumo_eye":4,"minecraft:golden_apple":1,"minecraft:emerald":7,"minecraft:bread":24,"alexsmobs:maggot":2,"epicsamurai:ruby":1,"minecraft:oak_sapling":3,"minecraft:coarse_dirt":9,"minecraft:crafting_table":12,"minecraft:chest_minecart":2,"minecraft:iron_axe":1,"minecraft:item_frame":1,"epicsamurai:jade":25,"botania:magenta_mystical_flower":1,"aquaculture:bluegill":1,"minecraft:detector_rail":11,"minecraft:beef":28,"minecraft:poppy":1,"minecraft:light_gray_wool":1,"minecraft:chest":3,"dynamictrees:cocoa_seed":2,"minecraft:egg":12,"minecraft:raw_iron":158,"minecraft:sandstone":1,"minecraft:copper_ingot":1,"sophisticatedbackpacks:backpack":3,"minecraft:carrot":2,"minecraft:redstone":11,"alexsmobs:leafcutter_ant_pupa":4,"minecraft:tnt":1,"minecraft:arrow":85,"minecraft:hay_block":71,"minecraft:stripped_dark_oak_wood":3,"minecraft:glistering_melon_slice":13,"epicsamurai:spirit_stone_base":10,"minecraft:glow_berries":5,"minecraft:mutton":19,"minecraft:rail":17,"minecraft:white_wool":96,"epicsamurai:kitsune_hide":1,"minecraft:glow_ink_sac":3,"minecraft:tripwire_hook":1,"minecraft:leather":17,"majruszsdifficulty:cloth":12,"minecraft:birch_planks":2,"minecraft:oak_log":73,"minecraft:chainmail_chestplate":1,"artifacts:superstitious_hat":1,"minecraft:gunpowder":40,"tombstone:voodoo_poppet":1,"minecraft:apple":2,"minecraft:stone_bricks":1,"majruszsdifficulty:tattered_leggings":1,"minecraft:iron_ingot":6,"dynamictrees:birch_seed":3,"minecraft:cobweb":23,"tombstone:bag_of_seeds":1,"minecraft:glass_bottle":1,"epicsamurai:aquamarine":17,"minecraft:sculk_catalyst":3,"epicsamurai:onyx":10,"minecraft:gravel":25,"minecraft:spider_eye":16,"minecraft:cherry_sapling":407,"tombstone:magic_scroll":5,"minecraft:melon_seeds":2,"minecraft:black_wool":1,"minecraft:coal":233,"minecraft:ender_pearl":2,"epicsamurai:spirit_flame":5},"minecraft:broken":{"minecraft:iron_boots":2,"simplyswords:iron_katana":1,"minecraft:iron_chestplate":1,"minecraft:iron_leggings":1,"minecraft:stone_axe":2,"minecraft:wooden_axe":1,"minecraft:fishing_rod":1,"justhammers:iron_hammer":1,"minecraft:iron_axe":1,"minecraft:iron_pickaxe":1,"minecraft:iron_helmet":1},"minecraft:dropped":{"minecraft:candle":15,"minecraft:birch_planks":2,"minecraft:porkchop":1,"minecraft:lapis_lazuli":10,"minecraft:diamond":26,"minecraft:glow_ink_sac":3,"minecraft:cooked_beef":10,"minecraft:oak_log":1,"dynamictrees:cocoa_seed":2,"minecraft:golden_pickaxe":1,"minecraft:crafting_table":1,"minecraft:cooked_porkchop":7,"minecraft:crossbow":2,"minecraft:glow_berries":5,"minecraft:leather":3,"minecraft:chest_minecart":2,"minecraft:rail":17,"paraglider:spirit_orb":2,"minecraft:flint":4,"minecraft:dirt":37,"alexsmobs:flying_fish":2,"epicsamurai:spirit_stone_base":3,"irons_spellbooks:arcane_essence":2,"minecraft:sand":8,"epicpaladins:bloodstone_axe":1,"minecraft:sugar":2,"majruszsdifficulty:tattered_leggings":1,"minecraft:birch_log":4,"minecraft:fishing_rod":1,"minecraft:bone":24,"minecraft:gravel":12,"alexsmobs:centipede_leg":2,"minecraft:detector_rail":11,"simplyswords:iron_katana":1,"minecraft:cobbled_deepslate":349,"minecraft:wheat":2,"epicsamurai:spirit_flame":5,"minecraft:obsidian":1,"minecraft:rotten_flesh":109,"minecraft:oak_planks":8,"minecraft:diamond_shovel":1,"minecraft:glowstone_dust":2,"minecraft:recovery_compass":1,"minecraft:carrot":1,"minecraft:chainmail_chestplate":2,"minecraft:echo_shard":4,"alexsmobs:leafcutter_ant_pupa":3,"minecraft:tipped_arrow":1,"minecraft:gunpowder":33,"minecraft:beetroot_seeds":3,"minecraft:melon_seeds":3,"minecraft:iron_bars":1,"minecraft:arrow":10,"minecraft:egg":6,"minecraft:crimson_planks":1,"minecraft:enchanted_book":2,"minecraft:iron_ingot":2,"minecraft:bread":10,"minecraft:wheat_seeds":9,"minecraft:cobblestone":78,"minecraft:spruce_stairs":2,"minecraft:acacia_log":8,"simplyswords:gold_greataxe":1,"minecraft:grass_block":1,"minecraft:golden_apple":1,"minecraft:coal":9,"minecraft:stick":23,"irons_spellbooks:scroll":3,"minecraft:jungle_slab":4,"epicsamurai:steel_ingot":30,"minecraft:diorite":3,"minecraft:sculk_catalyst":3,"minecraft:torch":1,"alexsmobs:leafcutter_ant_chamber":4,"botania:magenta_petal":1,"epicpaladins:jade_pickaxe":1,"tombstone:grave_dust":6,"aquaculture:jellyfish":1,"minecraft:golden_hoe":1,"minecraft:heart_of_the_sea":1,"minecraft:iron_axe":2,"minecraft:smooth_stone":1,"sophisticatedbackpacks:jukebox_upgrade":1,"minecraft:string":98,"tombstone:voodoo_poppet":1,"minecraft:redstone":14,"alexsmobs:maggot":2,"minecraft:coarse_dirt":9,"minecraft:cocoa_beans":2,"minecraft:dark_oak_sign":4,"minecraft:raw_copper":6,"minecraft:tuff":18,"minecraft:raw_iron":11,"simplyswords:diamond_sai":1,"minecraft:sculk_sensor":7,"minecraft:name_tag":1,"minecraft:torchflower_seeds":3,"minecraft:flint_and_steel":1,"minecraft:filled_map":1,"minecraft:potato":1,"alexsmobs:lobster_tail":1,"minecraft:spruce_planks":13,"minecraft:andesite":9,"minecraft:mossy_stone_bricks":1,"minecraft:wooden_shovel":1,"minecraft:spider_eye":14,"minecraft:bow":3,"minecraft:stone_pickaxe":1,"minecraft:magma_block":10,"minecraft:black_wool":1},"minecraft:used":{"irons_spellbooks:inscription_table":1,"minecraft:cherry_sapling":76,"minecraft:poppy":1,"minecraft:chest":12,"minecraft:shield":11,"minecraft:stone":338,"minecraft:rotten_flesh":7,"aquaculture:bluegill":1,"epicpaladins:bloodstone_axe":1324,"simplyswords:diamond_sai":7,"minecraft:carrot":16,"minecraft:jungle_slab":1,"majruszsdifficulty:golden_bandage":3,"minecraft:tuff":1,"minecraft:stripped_dark_oak_wood":3,"minecraft:stone_bricks":1,"minecraft:item_frame":1,"minecraft:oak_sapling":3,"minecraft:furnace":4,"minecraft:egg":6,"minecraft:diorite":24,"simplyswords:gold_greataxe":2,"minecraft:oak_planks":97,"minecraft:stone_pickaxe":5,"minecraft:golden_apple":1,"minecraft:golden_hoe":59,"minecraft:mushroom_stew":1,"minecraft:blast_furnace":1,"minecraft:black_bed":4,"minecraft:shears":146,"sophisticatedbackpacks:backpack":2,"minecraft:bread":110,"minecraft:string":4,"dynamictrees:acacia_seed":1,"minecraft:gravel":6,"minecraft:golden_pickaxe":8,"minecraft:experience_bottle":4,"minecraft:cherry_wood":99,"minecraft:flint_and_steel":4,"minecraft:spruce_planks":11,"minecraft:wooden_shovel":14,"dynamictrees:oak_seed":23,"minecraft:torch":100,"minecraft:dirt":168,"minecraft:anvil":1,"simplyswords:iron_katana":251,"minecraft:spruce_stairs":3,"minecraft:granite":5,"minecraft:purple_banner":1,"minecraft:wooden_axe":63,"minecraft:iron_axe":249,"travelersbackpack:squid":20,"dynamictrees:birch_seed":3,"minecraft:iron_boots":1,"epicpaladins:jade_pickaxe":1338,"minecraft:light_gray_wool":1,"minecraft:tripwire_hook":1,"minecraft:beef":2,"tombstone:gift":5,"minecraft:cooked_beef":22,"minecraft:cherry_log":190,"minecraft:cobbled_deepslate":60,"minecraft:iron_leggings":1,"minecraft:calcite":2,"minecraft:cooked_mutton":22,"minecraft:water_bucket":59,"simplyswords:diamond_katana":1111,"epicpaladins:jade_axe":1,"minecraft:cherry_planks":8,"minecraft:mossy_cobblestone":1,"minecraft:tnt":1,"minecraft:crafting_table":18,"justhammers:iron_hammer":154,"alexsmobs:leafcutter_ant_pupa":1,"minecraft:cake":4,"minecraft:smoker":1,"tombstone:bag_of_seeds":1,"minecraft:oak_log":20,"minecraft:dark_prismarine":1,"epicpaladins:arclight_pickaxe":19,"minecraft:apple":2,"majruszsdifficulty:undead_army_treasure_bag":2,"minecraft:diamond_shovel":1,"minecraft:iron_pickaxe":246,"tombstone:magic_scroll":3,"minecraft:stone_axe":213,"minecraft:fishing_rod":20,"minecraft:cobblestone":375,"majruszsdifficulty:warden_treasure_bag":5,"minecraft:porkchop":18,"minecraft:cooked_porkchop":8,"minecraft:bucket":60,"minecraft:pumpkin_pie":4,"alexsmobs:animal_dictionary":3},"minecraft:custom":{"minecraft:interact_with_crafting_table":82,"minecraft:open_barrel":74,"goblintraders:trade_with_goblin":93,"minecraft:eat_cake_slice":20,"minecraft:leave_game":5,"minecraft:time_since_death":7889,"minecraft:damage_resisted":159,"minecraft:sprint_one_cm":1011278,"minecraft:damage_blocked_by_shield":280,"minecraft:drop":340,"minecraft:play_time":491921,"minecraft:deaths":8,"minecraft:jump":8345,"minecraft:walk_on_water_one_cm":263144,"minecraft:interact_with_furnace":67,"minecraft:interact_with_cartography_table":1,"minecraft:sleep_in_bed":6,"minecraft:waystone_activated":2,"minecraft:damage_dealt":96321,"minecraft:player_kills":2,"minecraft:crouch_one_cm":76390,"tombstone:undead_killed":194,"minecraft:interact_with_smoker":18,"minecraft:inspect_dispenser":1,"minecraft:interact_with_smithing_table":3,"minecraft:interact_with_anvil":4,"minecraft:mob_kills":460,"minecraft:damage_dealt_resisted":352,"minecraft:climb_one_cm":9955,"minecraft:walk_one_cm":1577616,"minecraft:damage_dealt_absorbed":452,"minecraft:sneak_time":23099,"minecraft:walk_under_water_one_cm":338741,"minecraft:interact_with_blast_furnace":28,"minecraft:total_world_time":491921,"tombstone:raider_killed":31,"minecraft:tune_noteblock":19,"minecraft:time_since_rest":7700,"minecraft:damage_taken":24133,"minecraft:damage_absorbed":149,"minecraft:trigger_trapped_chest":3,"minecraft:swim_one_cm":487960,"minecraft:fly_one_cm":1523663,"minecraft:open_chest":170,"minecraft:fall_one_cm":270532}},"DataVersion":3465}