{"stats":{"minecraft:broken":{"minecraft:iron_boots":2,"simplyswords:iron_katana":1,"minecraft:iron_leggings":1,"minecraft:stone_axe":2,"minecraft:wooden_axe":1,"minecraft:fishing_rod":1,"justhammers:iron_hammer":1,"minecraft:iron_axe":1,"minecraft:iron_pickaxe":1},"minecraft:mined":{"minecraft:spruce_planks":22,"minecraft:jungle_slab":2,"minecraft:cherry_log":130,"alexsmobs:leafcutter_anthill":1,"minecraft:grass_block":3,"minecraft:spawner":11,"minecraft:tall_seagrass":1,"epicsamurai:deepslate_jade_ore":6,"botania:purple_mystical_flower":9,"minecraft:iron_ore":39,"minecraft:fire":1,"minecraft:stripped_dark_oak_wood":2,"minecraft:iron_bars":1,"botania:light_blue_mystical_flower":2,"minecraft:tripwire":4,"botania:green_mystical_flower":7,"botania:orange_mystical_flower":3,"spore:growths_big":2,"minecraft:torch":15,"minecraft:calcite":2,"minecraft:chest":2,"minecraft:cobblestone":13,"botania:blue_mystical_flower":20,"minecraft:oak_planks":34,"minecraft:wall_torch":2,"botania:black_mystical_flower":4,"minecraft:black_bed":3,"minecraft:grass":43,"minecraft:oak_log":19,"botania:gray_double_flower":4,"minecraft:sand":15,"minecraft:dirt":21,"minecraft:crimson_planks":1,"minecraft:tripwire_hook":1,"minecraft:oak_leaves":3,"spore:remains":1,"minecraft:deepslate":6,"minecraft:dark_prismarine":1,"minecraft:mossy_cobblestone":2,"dynamictrees:birch_branch":51,"alexsmobs:leafcutter_ant_chamber":10,"spore:growths_small":2,"minecraft:sandstone":2,"minecraft:hay_block":71,"botania:magenta_mystical_flower":9,"minecraft:furnace":2,"minecraft:suspicious_sand":1,"dynamictrees:oak_branch":46,"minecraft:deepslate_iron_ore":7,"botania:light_blue_double_flower":1,"minecraft:stone":156,"sophisticatedbackpacks:backpack":1,"minecraft:white_wool":121,"dynamictrees:acacia_branch":50,"botania:lime_mystical_flower":3,"minecraft:crafting_table":11,"minecraft:sculk_sensor":5,"minecraft:tall_grass":3,"minecraft:copper_ore":14,"minecraft:sculk":1,"minecraft:air":46,"minecraft:spruce_stairs":5,"minecraft:birch_planks":1,"minecraft:coarse_dirt":12,"minecraft:coal_ore":60,"minecraft:gravel":5,"botania:gray_mystical_flower":3,"minecraft:cobweb":122,"minecraft:stone_bricks":1,"minecraft:mossy_stone_bricks":1,"minecraft:fern":1},"minecraft:dropped":{"spore:spine_fragment":5,"minecraft:birch_planks":2,"minecraft:porkchop":1,"minecraft:lapis_lazuli":10,"minecraft:cooked_beef":10,"minecraft:oak_log":1,"minecraft:golden_pickaxe":1,"dynamictrees:cocoa_seed":2,"minecraft:crossbow":1,"minecraft:leather":3,"minecraft:chest_minecart":1,"minecraft:rail":6,"minecraft:flint":1,"alexsmobs:flying_fish":2,"minecraft:sand":8,"majruszsdifficulty:tattered_leggings":1,"minecraft:birch_log":4,"minecraft:fishing_rod":1,"minecraft:bone":1,"minecraft:gravel":6,"minecraft:detector_rail":10,"simplyswords:iron_katana":1,"minecraft:cobbled_deepslate":317,"minecraft:obsidian":1,"minecraft:rotten_flesh":24,"minecraft:oak_planks":6,"alexsmobs:leafcutter_ant_pupa":3,"minecraft:tipped_arrow":1,"minecraft:gunpowder":5,"minecraft:melon_seeds":1,"minecraft:iron_bars":1,"minecraft:arrow":10,"minecraft:egg":1,"minecraft:bread":10,"minecraft:crimson_planks":1,"minecraft:enchanted_book":2,"minecraft:iron_ingot":2,"minecraft:wheat_seeds":3,"minecraft:cobblestone":28,"minecraft:spruce_stairs":2,"minecraft:acacia_log":8,"minecraft:grass_block":1,"minecraft:coal":9,"minecraft:stick":15,"minecraft:jungle_slab":4,"epicsamurai:steel_ingot":30,"minecraft:diorite":3,"alexsmobs:leafcutter_ant_chamber":4,"botania:magenta_petal":1,"tombstone:grave_dust":5,"aquaculture:jellyfish":1,"minecraft:golden_hoe":1,"minecraft:heart_of_the_sea":1,"minecraft:iron_axe":2,"spore:mutated_heart":4,"minecraft:smooth_stone":1,"minecraft:string":33,"spore:claw_fragment":1,"tombstone:voodoo_poppet":1,"minecraft:redstone":10,"alexsmobs:maggot":2,"minecraft:coarse_dirt":9,"minecraft:dark_oak_sign":4,"minecraft:raw_copper":6,"minecraft:tuff":15,"minecraft:raw_iron":11,"spore:cerebrum":9,"minecraft:name_tag":1,"spore:mutated_fiber":92,"minecraft:flint_and_steel":1,"minecraft:filled_map":1,"minecraft:spruce_planks":13,"minecraft:andesite":9,"minecraft:mossy_stone_bricks":1,"minecraft:wooden_shovel":1,"minecraft:spider_eye":7,"minecraft:bow":1,"minecraft:stone_pickaxe":1,"minecraft:black_wool":1},"minecraft:killed":{"alexsmobs:lobster":3,"minecraft:cave_spider":6,"minecraft:spider":7,"minecraft:skeleton":34,"alexsmobs:leafcutter_ant":11,"artifacts:mimic":1,"minecraft:pig":13,"spore:inf_wanderer":2,"alexsmobs:seal":4,"minecraft:iron_golem":1,"minecraft:creeper":4,"minecraft:sheep":11,"spore:inf_villager":17,"minecraft:pillager":13,"spore:inf_human":22,"minecraft:zombie":24,"minecraft:stray":1,"alexsmobs:fly":1,"minecraft:cow":13,"irons_spellbooks:summoned_zombie":1,"minecraft:vindicator":16,"alexsmobs:seagull":1,"minecraft:drowned":15,"alexsmobs:flying_fish":1,"minecraft:husk":12,"minecraft:bat":2,"aquaculture:jellyfish":1,"alexsmobs:rhinoceros":1,"spore:inf_pillager":20,"spore:inf_witch":2,"spore:inf_husk":1,"minecraft:enderman":3},"minecraft:used":{"minecraft:cherry_sapling":76,"minecraft:poppy":1,"minecraft:chest":8,"minecraft:shield":11,"minecraft:stone":160,"minecraft:rotten_flesh":2,"aquaculture:bluegill":1,"epicpaladins:bloodstone_axe":141,"minecraft:carrot":16,"minecraft:jungle_slab":1,"majruszsdifficulty:golden_bandage":1,"minecraft:stripped_dark_oak_wood":3,"minecraft:stone_bricks":1,"minecraft:item_frame":1,"minecraft:furnace":4,"minecraft:oak_sapling":3,"minecraft:egg":4,"minecraft:stone_pickaxe":5,"minecraft:oak_planks":61,"minecraft:golden_hoe":59,"minecraft:mushroom_stew":1,"minecraft:blast_furnace":1,"minecraft:black_bed":4,"minecraft:shears":146,"sophisticatedbackpacks:backpack":2,"minecraft:bread":102,"minecraft:string":4,"dynamictrees:acacia_seed":1,"minecraft:golden_pickaxe":8,"minecraft:experience_bottle":1,"minecraft:flint_and_steel":4,"minecraft:spruce_planks":11,"dynamictrees:oak_seed":19,"minecraft:wooden_shovel":14,"minecraft:torch":58,"minecraft:dirt":45,"minecraft:anvil":1,"simplyswords:iron_katana":251,"minecraft:spruce_stairs":3,"minecraft:purple_banner":1,"minecraft:wooden_axe":63,"minecraft:iron_axe":249,"dynamictrees:birch_seed":3,"minecraft:iron_boots":1,"epicpaladins:jade_pickaxe":21,"minecraft:light_gray_wool":1,"minecraft:tripwire_hook":1,"minecraft:beef":2,"tombstone:gift":5,"minecraft:cooked_beef":18,"minecraft:cobbled_deepslate":29,"minecraft:iron_leggings":1,"minecraft:calcite":2,"simplyswords:diamond_katana":598,"minecraft:mossy_cobblestone":1,"minecraft:crafting_table":16,"minecraft:smoker":1,"minecraft:cake":4,"alexsmobs:leafcutter_ant_pupa":1,"justhammers:iron_hammer":121,"minecraft:oak_log":20,"minecraft:dark_prismarine":1,"minecraft:apple":2,"majruszsdifficulty:undead_army_treasure_bag":1,"minecraft:iron_pickaxe":246,"tombstone:magic_scroll":2,"minecraft:stone_axe":213,"minecraft:fishing_rod":20,"minecraft:cobblestone":137,"minecraft:cooked_porkchop":1,"minecraft:porkchop":18,"minecraft:pumpkin_pie":4,"alexsmobs:animal_dictionary":2},"minecraft:picked_up":{"spore:mutated_heart":4,"minecraft:crimson_planks":1,"minecraft:string":114,"minecraft:raw_copper":69,"epicpaladins:bloodstone_gem":11,"minecraft:purple_banner":1,"minecraft:cobbled_deepslate":387,"minecraft:spruce_planks":26,"minecraft:calcite":2,"dynamictrees:oak_seed":19,"alexsmobs:leafcutter_ant_chamber":4,"minecraft:iron_boots":1,"minecraft:furnace":2,"minecraft:tipped_arrow":1,"minecraft:stick":111,"minecraft:torch":24,"minecraft:acacia_log":8,"minecraft:spruce_stairs":5,"minecraft:porkchop":29,"minecraft:cherry_log":123,"tombstone:grave_dust":4,"minecraft:diorite":3,"epicpaladins:cryorium_gem":2,"minecraft:rotten_flesh":41,"minecraft:iron_bars":1,"alexsmobs:flying_fish":2,"alexsmobs:lobster_tail":2,"minecraft:cobblestone":446,"minecraft:birch_log":4,"minecraft:cooked_beef":2,"minecraft:andesite":9,"minecraft:black_bed":4,"paraglider:spirit_orb":12,"minecraft:flint":1,"minecraft:tuff":15,"minecraft:lapis_lazuli":67,"minecraft:dirt":65,"minecraft:name_tag":2,"minecraft:bone":48,"minecraft:bow":1,"minecraft:wheat_seeds":3,"minecraft:dark_oak_sign":4,"minecraft:mossy_stone_bricks":1,"minecraft:glowstone_dust":2,"epicsamurai:raw_silver":3,"minecraft:oak_planks":44,"aquaculture:jellyfish":1,"spore:cerebrum":9,"irons_spellbooks:frozen_bone":9,"minecraft:cooked_porkchop":1,"minecraft:sand":12,"dynamictrees:acacia_seed":1,"minecraft:grass_block":1,"minecraft:jungle_slab":5,"minecraft:mossy_cobblestone":1,"minecraft:dark_prismarine":1,"minecraft:bundle":2,"spore:claw_fragment":1,"minecraft:crossbow":1,"epicsamurai:jorogumo_eye":2,"minecraft:bread":24,"minecraft:emerald":7,"alexsmobs:maggot":2,"spore:spine_fragment":5,"epicsamurai:ruby":1,"minecraft:oak_sapling":3,"minecraft:coarse_dirt":9,"minecraft:crafting_table":11,"minecraft:chest_minecart":1,"minecraft:iron_axe":1,"minecraft:item_frame":1,"epicsamurai:jade":17,"botania:magenta_mystical_flower":1,"minecraft:detector_rail":10,"aquaculture:bluegill":1,"minecraft:beef":28,"minecraft:poppy":1,"minecraft:light_gray_wool":1,"minecraft:chest":3,"dynamictrees:cocoa_seed":2,"minecraft:egg":5,"minecraft:raw_iron":67,"minecraft:sandstone":1,"minecraft:copper_ingot":1,"sophisticatedbackpacks:backpack":2,"minecraft:carrot":1,"minecraft:redstone":10,"alexsmobs:leafcutter_ant_pupa":4,"minecraft:arrow":42,"minecraft:hay_block":71,"minecraft:stripped_dark_oak_wood":3,"minecraft:mutton":19,"minecraft:rail":6,"minecraft:white_wool":96,"minecraft:tripwire_hook":1,"minecraft:leather":17,"minecraft:birch_planks":2,"minecraft:oak_log":50,"artifacts:superstitious_hat":1,"minecraft:gunpowder":7,"tombstone:voodoo_poppet":1,"minecraft:apple":2,"minecraft:stone_bricks":1,"majruszsdifficulty:tattered_leggings":1,"minecraft:iron_ingot":6,"dynamictrees:birch_seed":3,"minecraft:cobweb":23,"spore:mutated_fiber":92,"epicsamurai:onyx":6,"minecraft:gravel":6,"minecraft:spider_eye":7,"minecraft:cherry_sapling":76,"tombstone:magic_scroll":2,"minecraft:melon_seeds":1,"minecraft:black_wool":1,"minecraft:coal":94,"minecraft:ender_pearl":1},"minecraft:crafted":{"minecraft:smooth_stone":4,"minecraft:oak_planks":92,"epicsamurai:silver_ingot":3,"simplyswords:iron_katana":2,"minecraft:stone":161,"epicpaladins:bloodstone_axe":1,"minecraft:chest":7,"minecraft:smoker":1,"epicsamurai:green_samurai_leggings_master":1,"minecraft:wooden_shovel":1,"minecraft:cooked_porkchop":14,"sophisticatedbackpacks:backpack":1,"minecraft:crafting_table":5,"minecraft:copper_ingot":60,"simplyswords:diamond_katana":1,"minecraft:iron_chestplate":1,"minecraft:shield":1,"minecraft:stick":48,"minecraft:iron_ingot":56,"minecraft:iron_pickaxe":1,"minecraft:iron_block":3,"minecraft:shears":1,"minecraft:cherry_planks":92,"minecraft:furnace":4,"minecraft:blast_furnace":1,"epicpaladins:jade_pickaxe":1,"minecraft:iron_axe":2,"botania:flower_bag":1,"minecraft:stone_pickaxe":1,"minecraft:wheat":369,"sophisticatedbackpacks:iron_backpack":1,"minecraft:cooked_beef":29,"sophisticatedbackpacks:gold_backpack":1,"minecraft:stone_axe":2,"minecraft:bread":123,"minecraft:air":0,"justhammers:iron_hammer":2,"epicsamurai:green_samurai_boots_light":1,"botania:magenta_petal":2,"minecraft:wooden_axe":1,"minecraft:anvil":1,"epicsamurai:steel_ingot":57,"minecraft:torch":32},"minecraft:custom":{"minecraft:interact_with_crafting_table":58,"minecraft:open_barrel":69,"goblintraders:trade_with_goblin":30,"minecraft:eat_cake_slice":20,"minecraft:leave_game":3,"minecraft:time_since_death":163234,"minecraft:sprint_one_cm":592942,"minecraft:damage_blocked_by_shield":280,"minecraft:drop":189,"minecraft:play_time":283888,"minecraft:deaths":4,"minecraft:jump":4846,"minecraft:walk_on_water_one_cm":138024,"minecraft:interact_with_furnace":48,"minecraft:interact_with_cartography_table":1,"minecraft:sleep_in_bed":4,"minecraft:waystone_activated":2,"minecraft:damage_dealt":51845,"minecraft:crouch_one_cm":32391,"tombstone:undead_killed":88,"minecraft:interact_with_smoker":4,"minecraft:inspect_dispenser":1,"minecraft:interact_with_smithing_table":3,"minecraft:mob_kills":267,"minecraft:interact_with_anvil":1,"minecraft:damage_dealt_resisted":232,"minecraft:climb_one_cm":9955,"minecraft:walk_one_cm":897058,"minecraft:damage_dealt_absorbed":281,"minecraft:sneak_time":11031,"minecraft:walk_under_water_one_cm":175800,"minecraft:interact_with_blast_furnace":14,"minecraft:total_world_time":283888,"tombstone:raider_killed":29,"minecraft:tune_noteblock":19,"minecraft:time_since_rest":102353,"minecraft:damage_taken":10621,"minecraft:swim_one_cm":471218,"minecraft:fly_one_cm":993856,"minecraft:open_chest":112,"minecraft:fall_one_cm":142430}},"DataVersion":3465}