{"stats":{"minecraft:killed":{"alexsmobs:lobster":9,"minecraft:cave_spider":15,"irons_spellbooks:summoned_polar_bear":2,"minecraft:skeleton":152,"alexsmobs:leafcutter_ant":11,"minecraft:chicken":1,"majruszsdifficulty:creeperling":14,"alexsmobs:straddler":2,"alexsmobs:centipede_head":1,"minecraft:magma_cube":3,"stalwart_dungeons:giddy_blaze":52,"majruszsdifficulty:tank":1,"alexsmobs:seal":4,"minecraft:iron_golem":1,"minecraft:pillager":39,"minecraft:zombie":203,"stalwart_dungeons:incomplete_wither":7,"minecraft:cow":18,"alexsmobs:raccoon":1,"minecraft:vindicator":19,"majruszsdifficulty:illusioner":1,"alexsmobs:seagull":1,"epicsamurai:oni":1,"stalwart_dungeons:nether_wart_cocoon":7,"minecraft:warden":2,"minecraft:husk":26,"epicsamurai:akaname":8,"irons_spellbooks:citadel_keeper":4,"majruszsdifficulty:cursed_armor":15,"alexsmobs:rhinoceros":1,"minecraft:enderman":8,"minecraft:witch":2,"minecraft:zombified_piglin":20,"minecraft:spider":32,"irons_spellbooks:summoned_skeleton":4,"minecraft:piglin_brute":21,"artifacts:mimic":4,"minecraft:piglin":26,"minecraft:pig":13,"minecraft:zombie_villager":2,"alexsmobs:stradpole":2,"epicsamurai:kitsune":1,"epicsamurai:jorogumo":1,"irons_spellbooks:necromancer":6,"minecraft:creeper":42,"alexsmobs:crimson_mosquito":41,"alexsmobs:warped_toad":1,"minecraft:sheep":11,"minecraft:stray":14,"minecraft:ghast":2,"alexsmobs:fly":6,"minecraft:blaze":8,"alexsmobs:bone_serpent":1,"alexsmobs:dropbear":4,"irons_spellbooks:summoned_zombie":9,"minecraft:drowned":16,"majruszsdifficulty:cerberus":1,"alexsmobs:flying_fish":1,"stalwart_dungeons:reinforced_blaze":43,"minecraft:bat":4,"aquaculture:jellyfish":1,"minecraft:hoglin":9,"alexsmobs:cockroach":3,"minecraft:wither_skeleton":11},"minecraft:mined":{"minecraft:dark_oak_planks":5,"minecraft:white_bed":1,"irons_spellbooks:armor_pile":4,"epicpaladins:cryorium_ore":4,"minecraft:cherry_log":1194,"alexsmobs:leafcutter_anthill":1,"minecraft:red_nether_bricks":3,"minecraft:granite":5,"epicsamurai:silver_ore":10,"minecraft:coal_block":2,"minecraft:spawner":15,"minecraft:polished_blackstone_bricks":154,"minecraft:tall_seagrass":1,"epicpaladins:moonlight_ore":24,"epicsamurai:deepslate_jade_ore":11,"minecraft:magma_block":8,"botania:purple_mystical_flower":9,"minecraft:cobbled_deepslate":5,"minecraft:fire":29,"minecraft:stripped_dark_oak_wood":2,"minecraft:sculk_shrieker":5,"stalwart_dungeons:soul_magma_bricks":3,"botania:light_blue_mystical_flower":2,"minecraft:tripwire":4,"botania:green_mystical_flower":7,"minecraft:kelp_plant":1,"minecraft:crimson_nylium":41,"minecraft:soul_fire":9,"minecraft:torch":17,"irons_spellbooks:arcane_debris":1,"botania:black_mystical_flower":4,"minecraft:black_bed":4,"minecraft:grass":47,"epicpaladins:arclight_ore":16,"minecraft:deepslate":269,"minecraft:dark_prismarine":1,"minecraft:mossy_cobblestone":2,"epicsamurai:deepslate_onyx_ore":4,"stalwart_dungeons:soul_bricks":13,"minecraft:nether_bricks":13,"minecraft:crimson_roots":1,"alexsmobs:leafcutter_ant_chamber":10,"minecraft:cherry_wood":99,"minecraft:red_mushroom":1,"epicpaladins:deepslate_arclight_ore":28,"dynamictrees:oak_leaves":4,"botania:magenta_mystical_flower":9,"minecraft:suspicious_sand":1,"minecraft:andesite":13,"dynamictrees:oak_branch":46,"irons_spellbooks:inscription_table":1,"minecraft:white_wool":129,"dynamictrees:acacia_branch":50,"botania:lime_mystical_flower":3,"epicsamurai:jade_ore":3,"minecraft:cherry_planks":8,"minecraft:soul_sand":71,"minecraft:warped_roots":5,"minecraft:tall_grass":4,"minecraft:copper_ore":43,"minecraft:deepslate_gold_ore":3,"minecraft:diorite":24,"stalwart_dungeons:tungsten_ore":9,"travelersbackpack:squid":1,"epicpaladins:bloodstone_ore":1,"minecraft:coarse_dirt":12,"dynamictrees:warped_sapling":1,"minecraft:gravel":312,"botania:gray_mystical_flower":3,"minecraft:cobweb":150,"minecraft:stone_bricks":1,"minecraft:fern":1,"stalwart_dungeons:spore_vaporizer":1,"minecraft:spruce_planks":22,"minecraft:jungle_slab":2,"minecraft:sculk_vein":3,"minecraft:grass_block":54,"minecraft:cracked_polished_blackstone_bricks":94,"minecraft:soul_soil":8,"minecraft:iron_ore":154,"minecraft:dark_oak_stairs":2,"minecraft:iron_bars":3,"epicsamurai:deepslate_silver_ore":42,"dynamictrees:crimson_wart":1,"epicsamurai:spirit_stone_base":4,"botania:orange_mystical_flower":3,"minecraft:blackstone":118,"stalwart_dungeons:transient_block_close":6,"stalwart_dungeons:soul_tiles":6,"minecraft:calcite":2,"minecraft:chest":2,"minecraft:nether_quartz_ore":43,"minecraft:cobblestone":65,"botania:blue_mystical_flower":20,"minecraft:oak_planks":83,"minecraft:wall_torch":6,"minecraft:warped_nylium":8,"minecraft:dark_oak_slab":3,"epicsamurai:aquamarine_ore":12,"epicpaladins:deepslate_cryorium_ore":21,"minecraft:tnt":9,"minecraft:oak_log":34,"botania:gray_double_flower":4,"minecraft:sand":15,"minecraft:dirt":137,"minecraft:crimson_planks":1,"minecraft:tripwire_hook":1,"minecraft:wither_skeleton_skull":1,"minecraft:netherrack":3336,"minecraft:oak_leaves":3,"minecraft:nether_gold_ore":3,"minecraft:tuff":4,"minecraft:deepslate_diamond_ore":18,"dynamictrees:birch_branch":51,"minecraft:glow_lichen":1,"minecraft:sandstone":2,"minecraft:hay_block":108,"minecraft:furnace":2,"minecraft:polished_basalt":5,"minecraft:gold_block":65,"minecraft:deepslate_iron_ore":17,"minecraft:shroomlight":44,"minecraft:stone":2116,"botania:light_blue_double_flower":1,"sophisticatedbackpacks:backpack":1,"epicpaladins:deepslate_bloodstone_ore":16,"minecraft:basalt":290,"epicsamurai:deepslate_aquamarine_ore":5,"minecraft:crafting_table":14,"minecraft:sculk_sensor":19,"minecraft:deepslate_coal_ore":9,"minecraft:polished_blackstone_brick_stairs":1,"minecraft:sculk":3,"minecraft:air":46,"minecraft:spruce_stairs":5,"minecraft:birch_planks":1,"minecraft:coal_ore":382,"minecraft:cherry_leaves":1,"minecraft:mossy_stone_bricks":1},"minecraft:broken":{"minecraft:iron_boots":2,"minecraft:iron_chestplate":1,"minecraft:iron_leggings":1,"minecraft:fishing_rod":1,"minecraft:iron_axe":1,"minecraft:iron_pickaxe":1,"minecraft:iron_helmet":1,"simplyswords:iron_katana":1,"minecraft:stone_axe":2,"minecraft:wooden_axe":1,"epicsamurai:white_samurai_helmet":1,"stalwart_dungeons:tungsten_helmet":2,"justhammers:iron_hammer":2,"epicsamurai:green_samurai_boots_light":1},"minecraft:dropped":{"minecraft:crimson_stem":7,"minecraft:iron_sword":1,"minecraft:porkchop":1,"minecraft:lapis_lazuli":29,"minecraft:cooked_beef":10,"minecraft:glow_ink_sac":3,"dynamictrees:cocoa_seed":2,"minecraft:glass_bottle":1,"minecraft:diamond":26,"minecraft:crafting_table":1,"minecraft:cooked_porkchop":7,"minecraft:dark_oak_slab":2,"minecraft:crossbow":2,"minecraft:weeping_vines":5,"minecraft:glow_berries":5,"minecraft:warped_roots":5,"minecraft:rail":17,"minecraft:red_mushroom":1,"minecraft:emerald":2,"minecraft:dirt":121,"alexsmobs:flying_fish":2,"epicsamurai:spirit_stone_base":3,"irons_spellbooks:arcane_essence":66,"minecraft:gold_nugget":16,"minecraft:sand":8,"minecraft:sugar":2,"epicpaladins:bloodstone_axe":1,"majruszsdifficulty:tattered_leggings":6,"minecraft:dark_oak_planks":3,"minecraft:fishing_rod":1,"minecraft:bone":170,"alexsmobs:centipede_leg":2,"minecraft:iron_nugget":8,"simplyswords:iron_katana":1,"minecraft:golden_chestplate":1,"minecraft:detector_rail":11,"minecraft:cobbled_deepslate":4001,"minecraft:nether_brick":39,"minecraft:wheat":2,"minecraft:obsidian":1,"minecraft:rotten_flesh":303,"minecraft:oak_planks":11,"minecraft:glowstone_dust":2,"minecraft:white_bed":1,"minecraft:echo_shard":4,"alexsmobs:leafcutter_ant_pupa":3,"alexsmobs:blood_sac":7,"minecraft:tipped_arrow":8,"minecraft:leather_boots":1,"minecraft:leather_leggings":2,"stalwart_dungeons:transient_block_close":4,"epicsamurai:akaname_tongue":2,"minecraft:red_nether_bricks":7,"minecraft:warped_wart_block":50,"minecraft:crying_obsidian":2,"minecraft:ghast_tear":1,"stalwart_dungeons:tungsten_ingot":10,"minecraft:egg":11,"alexsmobs:mosquito_proboscis":1,"minecraft:crimson_planks":1,"minecraft:enchanted_book":3,"minecraft:iron_ingot":6,"minecraft:wheat_seeds":10,"minecraft:feather":4,"minecraft:cobblestone":250,"minecraft:coal":31,"minecraft:golden_apple":1,"stalwart_dungeons:soul_bricks":1,"minecraft:jungle_slab":4,"stalwart_dungeons:tungsten_chestplate":2,"alexsmobs:leafcutter_ant_chamber":4,"minecraft:potion":2,"aquaculture:jellyfish":1,"minecraft:dried_kelp":21,"minecraft:golden_hoe":1,"minecraft:heart_of_the_sea":1,"minecraft:smooth_stone":1,"stalwart_dungeons:tungsten_boots":1,"minecraft:string":114,"tombstone:voodoo_poppet":1,"stalwart_dungeons:soul_tiles":9,"epicsamurai:blue_samurai_chestplate":2,"minecraft:soul_soil":3,"minecraft:dark_oak_sign":4,"minecraft:cocoa_beans":2,"sophisticatedbackpacks:backpack":1,"minecraft:cherry_slab":6,"minecraft:name_tag":2,"minecraft:nether_bricks":5,"minecraft:torchflower_seeds":3,"minecraft:potato":1,"minecraft:shroomlight":1,"minecraft:stone":2,"minecraft:piglin_banner_pattern":1,"minecraft:spruce_planks":13,"minecraft:bundle":9,"minecraft:wooden_shovel":2,"minecraft:spider_eye":27,"minecraft:bow":4,"minecraft:magma_block":10,"minecraft:black_wool":1,"minecraft:candle":15,"minecraft:soul_sand":7,"minecraft:birch_planks":2,"minecraft:dark_oak_stairs":1,"sophisticatedbackpacks:stack_upgrade_tier_2":1,"minecraft:oak_log":1,"minecraft:baked_potato":1,"minecraft:golden_pickaxe":1,"epicsamurai:onyx":4,"minecraft:netherite_upgrade_smithing_template":1,"majruszsdifficulty:tattered_helmet":5,"minecraft:leather":6,"minecraft:chest_minecart":2,"stalwart_dungeons:tungsten_shield":1,"paraglider:spirit_orb":6,"minecraft:flint":13,"artifacts:night_vision_goggles":1,"minecraft:cracked_polished_blackstone_bricks":74,"epicsamurai:katana_akaname":12,"minecraft:polished_blackstone_brick_stairs":1,"irons_spellbooks:hogskin":2,"minecraft:crimson_roots":9,"majruszsdifficulty:tattered_boots":9,"minecraft:polished_blackstone_bricks":113,"minecraft:birch_log":4,"minecraft:gravel":65,"majruszsdifficulty:tattered_chestplate":9,"minecraft:blackstone":24,"stalwart_dungeons:tungsten_leggings":1,"epicsamurai:spirit_flame":5,"minecraft:cherry_sapling":56,"minecraft:diamond_shovel":1,"minecraft:recovery_compass":1,"minecraft:carrot":3,"minecraft:chainmail_chestplate":2,"minecraft:leather_chestplate":1,"minecraft:gunpowder":53,"minecraft:beetroot_seeds":3,"minecraft:melon_seeds":3,"irons_spellbooks:arcane_debris":1,"minecraft:chainmail_boots":1,"minecraft:basalt":128,"minecraft:iron_bars":3,"minecraft:arrow":127,"minecraft:quartz":27,"minecraft:netherrack":2251,"minecraft:bread":10,"justhammers:diamond_hammer":2,"minecraft:golden_helmet":1,"minecraft:cherry_log":8,"minecraft:golden_axe":3,"minecraft:spruce_stairs":2,"minecraft:acacia_log":8,"minecraft:grass_block":1,"simplyswords:gold_greataxe":1,"minecraft:stick":60,"irons_spellbooks:scroll":3,"epicsamurai:steel_ingot":30,"minecraft:diorite":3,"minecraft:torch":1,"minecraft:sculk_catalyst":3,"stalwart_dungeons:tungsten_helmet":2,"botania:magenta_petal":1,"epicsamurai:blue_samurai_leggings_master":2,"minecraft:nether_wart_block":3,"epicpaladins:jade_pickaxe":1,"tombstone:grave_dust":10,"minecraft:iron_axe":2,"minecraft:polished_basalt":5,"sophisticatedbackpacks:jukebox_upgrade":1,"irons_spellbooks:frozen_bone":21,"minecraft:dandelion":1,"minecraft:redstone":45,"alexsmobs:maggot":13,"minecraft:warped_nylium":1,"minecraft:coarse_dirt":9,"minecraft:nether_wart":12,"minecraft:blaze_rod":4,"minecraft:raw_copper":6,"minecraft:tuff":217,"minecraft:raw_iron":11,"simplyswords:diamond_sai":1,"minecraft:sculk_sensor":7,"minecraft:flint_and_steel":1,"minecraft:filled_map":1,"minecraft:shield":1,"alexsmobs:lobster_tail":1,"dynamictrees:warped_seed":1,"minecraft:andesite":20,"minecraft:mossy_stone_bricks":1,"minecraft:golden_sword":3,"minecraft:stone_pickaxe":1},"minecraft:custom":{"minecraft:interact_with_crafting_table":124,"minecraft:open_barrel":159,"goblintraders:trade_with_goblin":126,"minecraft:eat_cake_slice":22,"minecraft:leave_game":7,"minecraft:time_since_death":232013,"minecraft:damage_blocked_by_shield":988,"minecraft:play_time":1011287,"minecraft:deaths":9,"minecraft:jump":14579,"minecraft:enchant_item":17,"minecraft:interact_with_furnace":77,"minecraft:interact_with_cartography_table":1,"minecraft:sleep_in_bed":6,"minecraft:waystone_activated":2,"minecraft:damage_dealt":224669,"tombstone:undead_killed":475,"minecraft:interact_with_smoker":31,"minecraft:inspect_dispenser":1,"minecraft:interact_with_smithing_table":15,"minecraft:interact_with_anvil":8,"minecraft:damage_dealt_absorbed":492,"minecraft:sneak_time":46861,"minecraft:interact_with_blast_furnace":47,"minecraft:total_world_time":1011287,"tombstone:raider_killed":60,"minecraft:tune_noteblock":19,"tombstone:pray_on_grave":1,"minecraft:time_since_rest":231840,"tombstone:cast_on_ally":0,"minecraft:swim_one_cm":759076,"minecraft:fly_one_cm":2223412,"minecraft:open_chest":450,"minecraft:fall_one_cm":451753,"minecraft:damage_resisted":191,"minecraft:sprint_one_cm":1786488,"minecraft:drop":820,"minecraft:walk_on_water_one_cm":433731,"tombstone:steal_effect":37,"minecraft:player_kills":3,"minecraft:crouch_one_cm":170098,"minecraft:mob_kills":1098,"minecraft:damage_dealt_resisted":856,"minecraft:climb_one_cm":15550,"minecraft:walk_one_cm":3455768,"minecraft:walk_under_water_one_cm":506191,"minecraft:raid_trigger":1,"tombstone:free_soul":1,"minecraft:damage_taken":37701,"minecraft:damage_absorbed":360,"minecraft:trigger_trapped_chest":3},"minecraft:used":{"irons_spellbooks:inscription_table":1,"minecraft:chest":12,"minecraft:poppy":1,"minecraft:stone":384,"minecraft:rotten_flesh":7,"aquaculture:bluegill":1,"minecraft:soul_sand":13,"epicpaladins:bloodstone_axe":1324,"minecraft:jungle_slab":1,"majruszsdifficulty:golden_bandage":3,"minecraft:lava_bucket":2,"minecraft:stripped_dark_oak_wood":3,"stalwart_dungeons:spore_vaporizer":1,"minecraft:oak_sapling":3,"minecraft:furnace":4,"epicsamurai:katana_oni":3,"minecraft:egg":6,"stalwart_dungeons:tungsten_chestplate":1,"minecraft:diorite":24,"simplyswords:gold_greataxe":2,"minecraft:golden_apple":3,"stalwart_dungeons:soul_bricks":11,"minecraft:blast_furnace":1,"dynamictrees:acacia_seed":1,"epicsamurai:katana_kitsune_blue":3,"minecraft:smithing_table":1,"tombstone:scroll_of_lightning_resistance":2,"minecraft:netherrack":929,"minecraft:torch":195,"minecraft:anvil":1,"simplyswords:iron_katana":251,"tombstone:ankh_of_pray":23,"minecraft:iron_axe":249,"travelersbackpack:squid":62,"stalwart_dungeons:soul_magma_bricks":2,"minecraft:basalt":86,"minecraft:tripwire_hook":1,"minecraft:beef":2,"tombstone:gift":7,"minecraft:cobbled_deepslate":76,"minecraft:cherry_log":266,"minecraft:calcite":2,"minecraft:water_bucket":61,"minecraft:cherry_planks":21,"minecraft:polished_blackstone_bricks":28,"justhammers:diamond_hammer":1419,"minecraft:mossy_cobblestone":1,"minecraft:tnt":1,"minecraft:crafting_table":20,"alexsmobs:leafcutter_ant_pupa":1,"minecraft:cake":4,"justhammers:iron_hammer":201,"minecraft:oak_log":20,"minecraft:dark_prismarine":1,"stalwart_dungeons:tungsten_leggings":1,"epicpaladins:arclight_pickaxe":5932,"majruszsdifficulty:undead_army_treasure_bag":3,"minecraft:diamond_shovel":423,"minecraft:iron_pickaxe":246,"tombstone:magic_scroll":5,"minecraft:cobblestone":417,"minecraft:potion":1,"majruszsdifficulty:warden_treasure_bag":5,"minecraft:porkchop":21,"minecraft:cooked_porkchop":21,"minecraft:cherry_sapling":79,"minecraft:shield":26,"minecraft:nether_bricks":6,"simplyswords:diamond_sai":7,"minecraft:carrot":22,"minecraft:tuff":1,"minecraft:stone_bricks":1,"minecraft:item_frame":1,"minecraft:stone_pickaxe":5,"minecraft:oak_planks":105,"epicsamurai:katana_akaname":1162,"minecraft:golden_hoe":59,"minecraft:mushroom_stew":1,"minecraft:black_bed":5,"minecraft:shears":146,"sophisticatedbackpacks:backpack":2,"minecraft:bread":110,"minecraft:string":4,"minecraft:gravel":15,"minecraft:andesite":4,"minecraft:golden_pickaxe":8,"minecraft:experience_bottle":25,"minecraft:cherry_boat":4,"minecraft:cherry_wood":99,"minecraft:flint_and_steel":4,"minecraft:spruce_planks":11,"stalwart_dungeons:tungsten_boots":1,"minecraft:wooden_shovel":14,"dynamictrees:oak_seed":23,"minecraft:dirt":250,"minecraft:spruce_stairs":3,"minecraft:granite":5,"minecraft:purple_banner":1,"minecraft:wooden_axe":63,"alexsmobs:maggot":1,"dynamictrees:birch_seed":3,"minecraft:iron_boots":1,"epicpaladins:jade_pickaxe":1338,"minecraft:light_gray_wool":1,"minecraft:golden_carrot":43,"minecraft:soul_soil":2,"minecraft:cooked_beef":22,"minecraft:iron_leggings":1,"minecraft:cooked_mutton":22,"tombstone:scroll_of_knowledge":1,"simplyswords:diamond_katana":1256,"epicpaladins:jade_axe":268,"stalwart_dungeons:tungsten_helmet":1,"tombstone:tablet_of_home":1,"minecraft:smoker":1,"tombstone:bag_of_seeds":1,"minecraft:apple":2,"minecraft:stone_axe":213,"irons_spellbooks:keeper_flamberge":415,"minecraft:fishing_rod":20,"minecraft:bucket":64,"minecraft:pumpkin_pie":14,"alexsmobs:animal_dictionary":3,"minecraft:splash_potion":1},"minecraft:crafted":{"minecraft:smooth_stone":4,"epicsamurai:silver_ingot":54,"minecraft:cherry_wood":54,"epicsamurai:katana_kitsune_blue":1,"epicpaladins:bloodstone_axe":1,"sophisticatedbackpacks:crafting_upgrade":1,"sophisticatedbackpacks:auto_smoking_upgrade":1,"minecraft:cooked_mutton":22,"sophisticatedbackpacks:smelting_upgrade":2,"epicsamurai:katana_oni":1,"epicsamurai:blue_samurai_chestplate":1,"epicsamurai:white_samurai_helmet":1,"minecraft:wooden_shovel":3,"epicsamurai:green_samurai_leggings_master":1,"minecraft:emerald":1,"minecraft:cooked_porkchop":26,"minecraft:smithing_table":1,"minecraft:copper_ingot":178,"sophisticatedbackpacks:auto_smelting_upgrade":1,"minecraft:iron_pickaxe":1,"minecraft:iron_block":18,"minecraft:gold_ingot":48,"minecraft:netherite_ingot":1,"sophisticatedbackpacks:stack_upgrade_tier_1":2,"epicpaladins:jade_pickaxe":1,"minecraft:stone_pickaxe":1,"epicsamurai:katana_akaname":1,"minecraft:wheat":369,"epicsamurai:katana_handle":4,"epicsamurai:katana_netherite":3,"sophisticatedbackpacks:advanced_tool_swapper_upgrade":1,"sophisticatedbackpacks:gold_backpack":1,"stalwart_dungeons:tungsten_shield":1,"epicsamurai:green_samurai_boots_light":1,"minecraft:wooden_axe":2,"epicsamurai:steel_ingot":107,"minecraft:oak_planks":216,"simplyswords:iron_katana":2,"minecraft:cherry_boat":3,"minecraft:stone":385,"epicpaladins:arclight_pickaxe":1,"stalwart_dungeons:tungsten_helmet":3,"epicsamurai:blue_samurai_leggings_master":1,"minecraft:hopper":3,"justhammers:diamond_hammer":2,"minecraft:chest":16,"minecraft:copper_block":19,"minecraft:netherite_upgrade_smithing_template":8,"minecraft:smoker":1,"sophisticatedbackpacks:backpack":1,"minecraft:crafting_table":9,"minecraft:wooden_pickaxe":1,"minecraft:gold_block":8,"epicsamurai:silver_block":1,"sophisticatedbackpacks:upgrade_base":7,"simplyswords:diamond_katana":1,"minecraft:iron_chestplate":1,"minecraft:shield":1,"sophisticatedbackpacks:diamond_backpack":1,"minecraft:stick":48,"minecraft:iron_ingot":209,"minecraft:shears":1,"minecraft:cherry_planks":280,"minecraft:wooden_sword":1,"epicsamurai:katana":4,"stalwart_dungeons:tungsten_leggings":1,"sophisticatedbackpacks:tool_swapper_upgrade":1,"minecraft:furnace":6,"minecraft:blast_furnace":1,"minecraft:iron_axe":2,"epicsamurai:blue_samurai_leggings_light":1,"botania:flower_bag":1,"stalwart_dungeons:tungsten_boots":1,"sophisticatedbackpacks:stack_upgrade_tier_2":2,"minecraft:netherite_scrap":2,"sophisticatedbackpacks:iron_backpack":1,"stalwart_dungeons:tungsten_ingot":27,"minecraft:cooked_beef":33,"minecraft:bucket":1,"minecraft:stone_axe":2,"minecraft:air":0,"minecraft:bread":123,"justhammers:iron_hammer":2,"stalwart_dungeons:tungsten_chestplate":1,"minecraft:gold_nugget":9,"epicpaladins:jade_axe":1,"botania:magenta_petal":2,"sophisticatedbackpacks:smoking_upgrade":1,"minecraft:anvil":1,"minecraft:torch":32},"minecraft:picked_up":{"minecraft:chainmail_boots":1,"alexsmobs:bone_serpent_tooth":4,"simplyswords:iron_rapier":1,"minecraft:brewing_stand":1,"minecraft:golden_sword":3,"epicsamurai:blue_samurai_leggings_master":1,"minecraft:polished_blackstone_brick_stairs":1,"minecraft:string":202,"minecraft:soul_soil":7,"minecraft:red_nether_bricks":7,"minecraft:shroomlight":36,"minecraft:cherry_boat":1,"minecraft:gold_nugget":51,"minecraft:cobbled_deepslate":10263,"minecraft:spruce_planks":26,"minecraft:netherite_upgrade_smithing_template":1,"minecraft:coal_block":2,"minecraft:golden_helmet":1,"minecraft:acacia_log":8,"stalwart_dungeons:tungsten_chestplate":2,"minecraft:golden_axe":3,"stalwart_dungeons:tungsten_boots":1,"minecraft:cherry_log":1182,"epicpaladins:moonlight_gem":24,"minecraft:golden_chestplate":2,"alexsmobs:centipede_leg":2,"stalwart_dungeons:soul_magma_bricks":2,"minecraft:polished_basalt":5,"minecraft:blaze_rod":114,"minecraft:iron_bars":3,"alexsmobs:flying_fish":2,"alexsmobs:lobster_tail":3,"minecraft:birch_log":4,"minecraft:magma_block":10,"minecraft:feather":4,"minecraft:cooked_beef":20,"artifacts:thorn_pendant":2,"minecraft:flint":41,"irons_spellbooks:keeper_flamberge":1,"stalwart_dungeons:blaze_armor_scrap":32,"minecraft:dark_oak_sign":4,"minecraft:glowstone_dust":4,"epicsamurai:raw_silver":61,"aquaculture:jellyfish":1,"minecraft:warped_wart_block":90,"dynamictrees:acacia_seed":1,"minecraft:ink_sac":4,"minecraft:bundle":17,"stalwart_dungeons:spore_vaporizer":1,"artifacts:crystal_heart":1,"minecraft:granite":5,"stalwart_dungeons:tungsten_leggings":1,"minecraft:bread":24,"alexsmobs:maggot":14,"epicsamurai:ruby":29,"minecraft:crimson_roots":18,"minecraft:crafting_table":14,"minecraft:coarse_dirt":9,"minecraft:nether_wart":4,"minecraft:leather_leggings":2,"irons_spellbooks:diamond_spell_book":1,"epicsamurai:jade":55,"minecraft:beef":28,"minecraft:iron_nugget":77,"minecraft:poppy":1,"minecraft:chest":3,"dynamictrees:cocoa_seed":2,"minecraft:egg":17,"minecraft:sandstone":1,"minecraft:stone":2,"alexsmobs:straddlite":1,"sophisticatedbackpacks:backpack":4,"minecraft:carrot":11,"minecraft:redstone":332,"minecraft:tnt":9,"epicsamurai:blue_samurai_chestplate":1,"minecraft:hay_block":108,"tombstone:essence_of_undeath":1,"minecraft:glow_berries":5,"minecraft:mutton":19,"minecraft:white_wool":103,"minecraft:rail":17,"epicsamurai:kitsune_hide":1,"minecraft:tripwire_hook":1,"majruszsdifficulty:tattered_helmet":5,"minecraft:red_mushroom":1,"majruszsdifficulty:cloth":12,"minecraft:oak_log":75,"minecraft:golden_boots":1,"alexsmobs:mosquito_proboscis":5,"minecraft:white_banner":1,"tombstone:gift":1,"epicsamurai:oni_horn":2,"minecraft:apple":2,"minecraft:stone_bricks":1,"majruszsdifficulty:tattered_leggings":6,"minecraft:warped_stem":190,"minecraft:cobweb":23,"tombstone:bag_of_seeds":4,"minecraft:glass_bottle":1,"epicsamurai:aquamarine":41,"minecraft:dark_oak_stairs":2,"minecraft:dark_oak_slab":2,"minecraft:gravel":229,"justhammers:diamond_hammer":1,"minecraft:warped_roots":5,"minecraft:baked_potato":1,"minecraft:melon_seeds":2,"minecraft:warped_nylium":1,"minecraft:ender_pearl":9,"epicsamurai:spirit_flame":6,"irons_spellbooks:scroll":6,"minecraft:nether_brick":73,"minecraft:crimson_planks":1,"minecraft:raw_copper":160,"epicpaladins:bloodstone_gem":39,"minecraft:purple_banner":1,"alexsmobs:dropbear_claw":2,"stalwart_dungeons:tungsten_helmet":2,"irons_spellbooks:arcane_essence":37,"alexsmobs:blood_sac":16,"minecraft:calcite":2,"dynamictrees:oak_seed":23,"irons_spellbooks:inscription_table":1,"minecraft:iron_boots":1,"alexsmobs:leafcutter_ant_chamber":4,"minecraft:furnace":2,"minecraft:tipped_arrow":8,"minecraft:stick":387,"epicpaladins:arclight_gem":72,"minecraft:oak_fence":2,"minecraft:torch":87,"minecraft:spruce_stairs":5,"minecraft:porkchop":44,"minecraft:dried_kelp":14,"tombstone:grave_dust":61,"minecraft:diorite":27,"epicpaladins:cryorium_gem":30,"minecraft:rotten_flesh":356,"irons_spellbooks:arcane_debris":14,"minecraft:cobblestone":4193,"minecraft:leather_chestplate":1,"tombstone:soul_receptacle":1,"minecraft:cherry_planks":8,"minecraft:andesite":24,"minecraft:black_bed":5,"minecraft:potato":1,"paraglider:spirit_orb":16,"minecraft:tuff":333,"minecraft:wither_skeleton_skull":1,"minecraft:lapis_lazuli":148,"minecraft:dirt":375,"minecraft:name_tag":2,"minecraft:leather_boots":1,"irons_spellbooks:hogskin":4,"minecraft:bone":325,"minecraft:bow":4,"minecraft:wheat_seeds":7,"minecraft:raw_gold":55,"stalwart_dungeons:tungsten_shield":1,"dynamictrees:warped_seed":1,"minecraft:mossy_stone_bricks":1,"minecraft:oak_planks":88,"minecraft:ghast_tear":1,"irons_spellbooks:frozen_bone":62,"minecraft:cooked_porkchop":1,"travelersbackpack:squid":2,"minecraft:sand":12,"minecraft:grass_block":1,"minecraft:jungle_slab":5,"minecraft:mossy_cobblestone":1,"minecraft:dark_prismarine":1,"minecraft:sugar":2,"minecraft:diamond":109,"minecraft:cracked_polished_blackstone_bricks":85,"minecraft:cherry_wood":99,"minecraft:crossbow":3,"epicsamurai:jorogumo_eye":4,"epicsamurai:katana_akaname":12,"minecraft:golden_apple":1,"minecraft:emerald":14,"minecraft:oak_sapling":3,"minecraft:netherrack":3376,"majruszsdifficulty:tattered_boots":9,"artifacts:night_vision_goggles":1,"minecraft:splash_potion":1,"minecraft:chest_minecart":2,"minecraft:gold_block":62,"stalwart_dungeons:soul_bricks":12,"minecraft:shield":1,"minecraft:iron_axe":2,"minecraft:item_frame":1,"botania:magenta_mystical_flower":1,"minecraft:blackstone":111,"aquaculture:bluegill":1,"minecraft:detector_rail":11,"epicsamurai:akaname_tongue":9,"minecraft:light_gray_wool":1,"tombstone:ankh_of_pray":1,"minecraft:raw_iron":230,"minecraft:copper_ingot":1,"minecraft:polished_blackstone_bricks":147,"alexsmobs:leafcutter_ant_pupa":4,"minecraft:dark_oak_planks":4,"irons_spellbooks:mana_ring":1,"artifacts:snorkel":1,"minecraft:arrow":260,"minecraft:weeping_vines":5,"stalwart_dungeons:raw_tungsten":27,"minecraft:nether_bricks":11,"artifacts:running_shoes":1,"minecraft:stripped_dark_oak_wood":3,"minecraft:glistering_melon_slice":13,"majruszsdifficulty:cerberus_fang":3,"epicsamurai:spirit_stone_base":10,"minecraft:basalt":275,"minecraft:glow_ink_sac":3,"minecraft:crimson_stem":14,"minecraft:leather":28,"minecraft:birch_planks":2,"artifacts:superstitious_hat":1,"minecraft:chainmail_chestplate":1,"minecraft:nether_wart_block":3,"minecraft:gunpowder":66,"tombstone:voodoo_poppet":1,"minecraft:iron_ingot":8,"dynamictrees:birch_seed":3,"irons_spellbooks:cinder_essence":5,"minecraft:soul_sand":68,"minecraft:sculk_catalyst":3,"stalwart_dungeons:transient_block_close":4,"epicsamurai:onyx":13,"minecraft:quartz":42,"minecraft:dandelion":1,"stalwart_dungeons:soul_tiles":9,"minecraft:white_bed":1,"minecraft:spider_eye":29,"minecraft:cherry_sapling":466,"tombstone:magic_scroll":9,"minecraft:black_wool":1,"majruszsdifficulty:tattered_chestplate":9,"minecraft:coal":764}},"DataVersion":3465}