{"stats":{"minecraft:crafted":{"minecraft:smooth_stone":4,"epicsamurai:silver_ingot":54,"minecraft:cherry_wood":54,"epicpaladins:bloodstone_axe":1,"minecraft:cooked_mutton":22,"epicsamurai:blue_samurai_chestplate":1,"epicsamurai:white_samurai_helmet":1,"minecraft:wooden_shovel":2,"epicsamurai:green_samurai_leggings_master":1,"minecraft:emerald":1,"minecraft:cooked_porkchop":26,"minecraft:smithing_table":1,"minecraft:copper_ingot":178,"minecraft:iron_pickaxe":1,"minecraft:iron_block":18,"minecraft:gold_ingot":48,"epicpaladins:jade_pickaxe":1,"minecraft:stone_pickaxe":1,"epicsamurai:katana_akaname":1,"minecraft:wheat":369,"epicsamurai:katana_handle":2,"epicsamurai:katana_netherite":1,"sophisticatedbackpacks:advanced_tool_swapper_upgrade":1,"sophisticatedbackpacks:gold_backpack":1,"stalwart_dungeons:tungsten_shield":1,"epicsamurai:green_samurai_boots_light":1,"minecraft:wooden_axe":2,"epicsamurai:steel_ingot":57,"minecraft:oak_planks":208,"simplyswords:iron_katana":2,"minecraft:stone":339,"epicpaladins:arclight_pickaxe":1,"stalwart_dungeons:tungsten_helmet":1,"epicsamurai:blue_samurai_leggings_master":1,"justhammers:diamond_hammer":1,"minecraft:chest":11,"minecraft:copper_block":19,"minecraft:netherite_upgrade_smithing_template":8,"minecraft:smoker":1,"sophisticatedbackpacks:backpack":1,"minecraft:crafting_table":8,"minecraft:wooden_pickaxe":1,"minecraft:gold_block":8,"sophisticatedbackpacks:upgrade_base":1,"simplyswords:diamond_katana":1,"minecraft:iron_chestplate":1,"minecraft:shield":1,"minecraft:stick":48,"minecraft:iron_ingot":209,"minecraft:shears":1,"minecraft:cherry_planks":236,"minecraft:wooden_sword":1,"epicsamurai:katana":2,"stalwart_dungeons:tungsten_leggings":1,"sophisticatedbackpacks:tool_swapper_upgrade":1,"minecraft:furnace":4,"minecraft:blast_furnace":1,"minecraft:iron_axe":2,"epicsamurai:blue_samurai_leggings_light":1,"botania:flower_bag":1,"stalwart_dungeons:tungsten_boots":1,"sophisticatedbackpacks:iron_backpack":1,"stalwart_dungeons:tungsten_ingot":27,"minecraft:cooked_beef":33,"minecraft:bucket":1,"minecraft:stone_axe":2,"minecraft:air":0,"minecraft:bread":123,"justhammers:iron_hammer":2,"stalwart_dungeons:tungsten_chestplate":1,"minecraft:gold_nugget":9,"epicpaladins:jade_axe":1,"botania:magenta_petal":2,"minecraft:anvil":1,"minecraft:torch":32},"minecraft:mined":{"irons_spellbooks:armor_pile":4,"epicpaladins:cryorium_ore":4,"minecraft:cherry_log":1041,"alexsmobs:leafcutter_anthill":1,"minecraft:red_nether_bricks":3,"minecraft:granite":5,"epicsamurai:silver_ore":10,"minecraft:spawner":13,"minecraft:polished_blackstone_bricks":2,"minecraft:tall_seagrass":1,"epicpaladins:moonlight_ore":20,"epicsamurai:deepslate_jade_ore":11,"minecraft:magma_block":8,"botania:purple_mystical_flower":9,"minecraft:fire":6,"minecraft:cobbled_deepslate":5,"minecraft:stripped_dark_oak_wood":2,"minecraft:sculk_shrieker":5,"stalwart_dungeons:soul_magma_bricks":3,"botania:light_blue_mystical_flower":2,"minecraft:tripwire":4,"botania:green_mystical_flower":7,"minecraft:crimson_nylium":34,"minecraft:soul_fire":8,"minecraft:torch":17,"irons_spellbooks:arcane_debris":1,"botania:black_mystical_flower":4,"minecraft:black_bed":4,"minecraft:grass":44,"epicpaladins:arclight_ore":16,"minecraft:deepslate":242,"minecraft:dark_prismarine":1,"minecraft:mossy_cobblestone":2,"epicsamurai:deepslate_onyx_ore":4,"stalwart_dungeons:soul_bricks":13,"minecraft:nether_bricks":7,"alexsmobs:leafcutter_ant_chamber":10,"minecraft:cherry_wood":99,"epicpaladins:deepslate_arclight_ore":28,"botania:magenta_mystical_flower":9,"minecraft:suspicious_sand":1,"minecraft:andesite":13,"dynamictrees:oak_branch":46,"irons_spellbooks:inscription_table":1,"minecraft:white_wool":121,"dynamictrees:acacia_branch":50,"botania:lime_mystical_flower":3,"epicsamurai:jade_ore":3,"minecraft:cherry_planks":8,"minecraft:soul_sand":71,"minecraft:warped_roots":5,"minecraft:tall_grass":4,"minecraft:copper_ore":43,"minecraft:deepslate_gold_ore":3,"minecraft:diorite":24,"stalwart_dungeons:tungsten_ore":9,"travelersbackpack:squid":1,"epicpaladins:bloodstone_ore":1,"minecraft:coarse_dirt":12,"dynamictrees:warped_sapling":1,"minecraft:gravel":179,"botania:gray_mystical_flower":3,"minecraft:cobweb":150,"minecraft:stone_bricks":1,"minecraft:fern":1,"stalwart_dungeons:spore_vaporizer":1,"minecraft:spruce_planks":22,"minecraft:jungle_slab":2,"minecraft:sculk_vein":3,"minecraft:grass_block":15,"minecraft:cracked_polished_blackstone_bricks":3,"minecraft:soul_soil":8,"minecraft:iron_ore":132,"epicsamurai:deepslate_silver_ore":42,"minecraft:iron_bars":1,"dynamictrees:crimson_wart":1,"epicsamurai:spirit_stone_base":4,"botania:orange_mystical_flower":3,"minecraft:blackstone":104,"stalwart_dungeons:transient_block_close":5,"stalwart_dungeons:soul_tiles":6,"minecraft:calcite":2,"minecraft:chest":2,"minecraft:nether_quartz_ore":16,"minecraft:cobblestone":65,"botania:blue_mystical_flower":20,"minecraft:oak_planks":76,"minecraft:wall_torch":3,"minecraft:warped_nylium":5,"epicsamurai:aquamarine_ore":12,"epicpaladins:deepslate_cryorium_ore":21,"minecraft:tnt":1,"minecraft:oak_log":34,"botania:gray_double_flower":4,"minecraft:sand":15,"minecraft:dirt":119,"minecraft:crimson_planks":1,"minecraft:tripwire_hook":1,"minecraft:wither_skeleton_skull":1,"minecraft:netherrack":1636,"minecraft:oak_leaves":3,"minecraft:nether_gold_ore":1,"minecraft:tuff":4,"minecraft:deepslate_diamond_ore":18,"dynamictrees:birch_branch":51,"minecraft:glow_lichen":1,"minecraft:sandstone":2,"minecraft:hay_block":71,"minecraft:furnace":2,"minecraft:polished_basalt":5,"minecraft:gold_block":15,"minecraft:deepslate_iron_ore":10,"minecraft:shroomlight":44,"minecraft:stone":1016,"botania:light_blue_double_flower":1,"sophisticatedbackpacks:backpack":1,"epicpaladins:deepslate_bloodstone_ore":16,"minecraft:basalt":189,"epicsamurai:deepslate_aquamarine_ore":5,"minecraft:crafting_table":14,"minecraft:sculk_sensor":19,"minecraft:sculk":3,"minecraft:air":46,"minecraft:spruce_stairs":5,"minecraft:birch_planks":1,"minecraft:coal_ore":200,"minecraft:mossy_stone_bricks":1},"minecraft:picked_up":{"minecraft:brewing_stand":1,"simplyswords:iron_rapier":1,"epicsamurai:blue_samurai_leggings_master":1,"minecraft:string":179,"minecraft:soul_soil":7,"minecraft:red_nether_bricks":7,"minecraft:shroomlight":36,"minecraft:gold_nugget":36,"minecraft:cobbled_deepslate":3974,"minecraft:spruce_planks":26,"minecraft:golden_helmet":1,"minecraft:acacia_log":8,"minecraft:golden_axe":1,"minecraft:cherry_log":1026,"epicpaladins:moonlight_gem":20,"alexsmobs:centipede_leg":2,"stalwart_dungeons:soul_magma_bricks":2,"minecraft:polished_basalt":5,"minecraft:blaze_rod":106,"alexsmobs:flying_fish":2,"alexsmobs:lobster_tail":3,"minecraft:iron_bars":1,"minecraft:birch_log":4,"minecraft:magma_block":10,"minecraft:cooked_beef":2,"artifacts:thorn_pendant":1,"minecraft:flint":21,"irons_spellbooks:keeper_flamberge":1,"stalwart_dungeons:blaze_armor_scrap":32,"minecraft:dark_oak_sign":4,"minecraft:glowstone_dust":4,"epicsamurai:raw_silver":54,"aquaculture:jellyfish":1,"minecraft:warped_wart_block":90,"dynamictrees:acacia_seed":1,"minecraft:ink_sac":4,"minecraft:bundle":5,"stalwart_dungeons:spore_vaporizer":1,"minecraft:granite":5,"minecraft:bread":24,"alexsmobs:maggot":2,"epicsamurai:ruby":10,"minecraft:crimson_roots":17,"minecraft:crafting_table":14,"minecraft:coarse_dirt":9,"minecraft:nether_wart":4,"epicsamurai:jade":25,"minecraft:beef":28,"minecraft:iron_nugget":77,"minecraft:poppy":1,"minecraft:chest":3,"dynamictrees:cocoa_seed":2,"minecraft:egg":12,"minecraft:sandstone":1,"alexsmobs:straddlite":1,"sophisticatedbackpacks:backpack":4,"minecraft:carrot":6,"minecraft:redstone":41,"minecraft:tnt":1,"epicsamurai:blue_samurai_chestplate":1,"minecraft:hay_block":71,"tombstone:essence_of_undeath":1,"minecraft:glow_berries":5,"minecraft:mutton":19,"minecraft:white_wool":96,"minecraft:rail":17,"epicsamurai:kitsune_hide":1,"minecraft:tripwire_hook":1,"majruszsdifficulty:cloth":12,"minecraft:oak_log":73,"alexsmobs:mosquito_proboscis":4,"epicsamurai:oni_horn":2,"majruszsdifficulty:tattered_leggings":1,"minecraft:apple":2,"minecraft:stone_bricks":1,"minecraft:warped_stem":190,"minecraft:cobweb":23,"tombstone:bag_of_seeds":1,"minecraft:glass_bottle":1,"epicsamurai:aquamarine":17,"minecraft:gravel":110,"minecraft:warped_roots":5,"minecraft:melon_seeds":2,"minecraft:warped_nylium":1,"epicsamurai:spirit_flame":5,"minecraft:ender_pearl":4,"irons_spellbooks:scroll":2,"minecraft:nether_brick":67,"minecraft:crimson_planks":1,"minecraft:raw_copper":160,"epicpaladins:bloodstone_gem":39,"minecraft:purple_banner":1,"alexsmobs:dropbear_claw":2,"irons_spellbooks:arcane_essence":2,"alexsmobs:blood_sac":11,"minecraft:calcite":2,"dynamictrees:oak_seed":23,"irons_spellbooks:inscription_table":1,"minecraft:furnace":2,"alexsmobs:leafcutter_ant_chamber":4,"minecraft:iron_boots":1,"minecraft:tipped_arrow":1,"minecraft:stick":348,"epicpaladins:arclight_gem":63,"minecraft:oak_fence":2,"minecraft:torch":32,"minecraft:spruce_stairs":5,"minecraft:porkchop":44,"minecraft:dried_kelp":14,"tombstone:grave_dust":18,"minecraft:diorite":27,"minecraft:rotten_flesh":112,"epicpaladins:cryorium_gem":27,"irons_spellbooks:arcane_debris":3,"minecraft:cobblestone":1679,"minecraft:cherry_planks":8,"minecraft:andesite":24,"minecraft:black_bed":5,"minecraft:potato":1,"paraglider:spirit_orb":14,"minecraft:tuff":125,"minecraft:wither_skeleton_skull":1,"minecraft:lapis_lazuli":95,"minecraft:dirt":222,"minecraft:name_tag":2,"irons_spellbooks:hogskin":4,"minecraft:bone":124,"minecraft:bow":3,"minecraft:wheat_seeds":6,"minecraft:raw_gold":4,"stalwart_dungeons:tungsten_shield":1,"dynamictrees:warped_seed":1,"minecraft:mossy_stone_bricks":1,"minecraft:oak_planks":84,"minecraft:ghast_tear":1,"minecraft:cooked_porkchop":1,"irons_spellbooks:frozen_bone":16,"travelersbackpack:squid":2,"minecraft:sand":12,"minecraft:grass_block":1,"minecraft:jungle_slab":5,"minecraft:mossy_cobblestone":1,"minecraft:dark_prismarine":1,"minecraft:sugar":2,"minecraft:diamond":34,"minecraft:cherry_wood":99,"minecraft:cracked_polished_blackstone_bricks":3,"minecraft:crossbow":2,"epicsamurai:jorogumo_eye":4,"minecraft:golden_apple":1,"epicsamurai:katana_akaname":1,"minecraft:emerald":7,"minecraft:oak_sapling":3,"minecraft:netherrack":1734,"minecraft:splash_potion":1,"minecraft:chest_minecart":2,"minecraft:gold_block":12,"stalwart_dungeons:soul_bricks":12,"minecraft:shield":1,"minecraft:iron_axe":1,"minecraft:item_frame":1,"botania:magenta_mystical_flower":1,"minecraft:blackstone":101,"aquaculture:bluegill":1,"minecraft:detector_rail":11,"epicsamurai:akaname_tongue":7,"minecraft:light_gray_wool":1,"minecraft:raw_iron":163,"minecraft:copper_ingot":1,"minecraft:polished_blackstone_bricks":2,"alexsmobs:leafcutter_ant_pupa":4,"minecraft:arrow":96,"minecraft:weeping_vines":3,"stalwart_dungeons:raw_tungsten":27,"minecraft:nether_bricks":7,"minecraft:stripped_dark_oak_wood":3,"minecraft:glistering_melon_slice":13,"epicsamurai:spirit_stone_base":10,"minecraft:basalt":178,"minecraft:glow_ink_sac":3,"minecraft:crimson_stem":14,"minecraft:leather":20,"minecraft:birch_planks":2,"artifacts:superstitious_hat":1,"minecraft:chainmail_chestplate":1,"minecraft:nether_wart_block":3,"minecraft:gunpowder":42,"tombstone:voodoo_poppet":1,"minecraft:iron_ingot":6,"dynamictrees:birch_seed":3,"irons_spellbooks:cinder_essence":5,"minecraft:soul_sand":67,"epicsamurai:onyx":13,"stalwart_dungeons:transient_block_close":4,"minecraft:sculk_catalyst":3,"minecraft:quartz":15,"stalwart_dungeons:soul_tiles":9,"minecraft:spider_eye":16,"minecraft:cherry_sapling":407,"tombstone:magic_scroll":5,"minecraft:black_wool":1,"minecraft:coal":250},"minecraft:killed":{"alexsmobs:lobster":9,"minecraft:cave_spider":15,"irons_spellbooks:summoned_polar_bear":1,"minecraft:skeleton":81,"alexsmobs:leafcutter_ant":11,"minecraft:chicken":1,"alexsmobs:straddler":2,"alexsmobs:centipede_head":1,"stalwart_dungeons:giddy_blaze":47,"minecraft:iron_golem":1,"alexsmobs:seal":4,"minecraft:pillager":13,"minecraft:zombie":84,"stalwart_dungeons:incomplete_wither":7,"minecraft:cow":13,"minecraft:vindicator":16,"alexsmobs:seagull":1,"epicsamurai:oni":1,"stalwart_dungeons:nether_wart_cocoon":6,"minecraft:warden":2,"minecraft:husk":14,"epicsamurai:akaname":6,"irons_spellbooks:citadel_keeper":4,"majruszsdifficulty:cursed_armor":2,"alexsmobs:rhinoceros":1,"minecraft:enderman":5,"minecraft:zombified_piglin":10,"minecraft:witch":2,"minecraft:spider":25,"irons_spellbooks:summoned_skeleton":4,"minecraft:piglin_brute":4,"artifacts:mimic":2,"minecraft:piglin":5,"minecraft:pig":13,"minecraft:zombie_villager":1,"epicsamurai:kitsune":1,"alexsmobs:stradpole":2,"epicsamurai:jorogumo":1,"irons_spellbooks:necromancer":2,"minecraft:creeper":32,"alexsmobs:crimson_mosquito":30,"minecraft:sheep":11,"minecraft:stray":3,"minecraft:ghast":1,"alexsmobs:fly":1,"minecraft:blaze":3,"alexsmobs:bone_serpent":1,"alexsmobs:dropbear":2,"irons_spellbooks:summoned_zombie":7,"minecraft:drowned":15,"alexsmobs:flying_fish":1,"stalwart_dungeons:reinforced_blaze":43,"minecraft:bat":3,"aquaculture:jellyfish":1,"minecraft:hoglin":9,"alexsmobs:cockroach":2,"minecraft:wither_skeleton":4},"minecraft:broken":{"minecraft:iron_boots":2,"minecraft:iron_chestplate":1,"minecraft:iron_leggings":1,"minecraft:fishing_rod":1,"minecraft:iron_axe":1,"minecraft:iron_pickaxe":1,"minecraft:iron_helmet":1,"simplyswords:iron_katana":1,"minecraft:stone_axe":2,"minecraft:wooden_axe":1,"epicsamurai:white_samurai_helmet":1,"justhammers:iron_hammer":2,"epicsamurai:green_samurai_boots_light":1},"minecraft:dropped":{"minecraft:crimson_stem":7,"minecraft:porkchop":1,"minecraft:lapis_lazuli":29,"minecraft:cooked_beef":10,"minecraft:glow_ink_sac":3,"dynamictrees:cocoa_seed":2,"minecraft:glass_bottle":1,"minecraft:diamond":26,"minecraft:crafting_table":1,"minecraft:cooked_porkchop":7,"minecraft:crossbow":2,"minecraft:weeping_vines":3,"minecraft:glow_berries":5,"minecraft:warped_roots":5,"minecraft:rail":17,"minecraft:dirt":37,"alexsmobs:flying_fish":2,"epicsamurai:spirit_stone_base":3,"irons_spellbooks:arcane_essence":2,"minecraft:sand":8,"minecraft:sugar":2,"epicpaladins:bloodstone_axe":1,"majruszsdifficulty:tattered_leggings":1,"minecraft:fishing_rod":1,"minecraft:bone":24,"alexsmobs:centipede_leg":2,"minecraft:iron_nugget":2,"simplyswords:iron_katana":1,"minecraft:detector_rail":11,"minecraft:cobbled_deepslate":2281,"minecraft:nether_brick":33,"minecraft:wheat":2,"minecraft:obsidian":1,"minecraft:rotten_flesh":113,"minecraft:oak_planks":8,"minecraft:glowstone_dust":2,"minecraft:echo_shard":4,"alexsmobs:leafcutter_ant_pupa":3,"alexsmobs:blood_sac":2,"minecraft:tipped_arrow":1,"stalwart_dungeons:transient_block_close":4,"minecraft:red_nether_bricks":7,"minecraft:warped_wart_block":50,"minecraft:crying_obsidian":2,"minecraft:ghast_tear":1,"stalwart_dungeons:tungsten_ingot":10,"minecraft:egg":6,"minecraft:crimson_planks":1,"minecraft:enchanted_book":2,"minecraft:iron_ingot":6,"minecraft:wheat_seeds":9,"minecraft:cobblestone":133,"minecraft:coal":17,"minecraft:golden_apple":1,"stalwart_dungeons:soul_bricks":1,"minecraft:jungle_slab":4,"alexsmobs:leafcutter_ant_chamber":4,"aquaculture:jellyfish":1,"minecraft:potion":2,"minecraft:dried_kelp":21,"minecraft:golden_hoe":1,"minecraft:heart_of_the_sea":1,"minecraft:smooth_stone":1,"minecraft:string":98,"tombstone:voodoo_poppet":1,"stalwart_dungeons:soul_tiles":9,"epicsamurai:blue_samurai_chestplate":2,"minecraft:soul_soil":3,"minecraft:dark_oak_sign":4,"minecraft:cocoa_beans":2,"sophisticatedbackpacks:backpack":1,"minecraft:name_tag":1,"minecraft:nether_bricks":1,"minecraft:torchflower_seeds":3,"minecraft:potato":1,"minecraft:shroomlight":1,"minecraft:spruce_planks":13,"minecraft:wooden_shovel":1,"minecraft:spider_eye":14,"minecraft:bow":3,"minecraft:magma_block":10,"minecraft:black_wool":1,"minecraft:candle":15,"minecraft:soul_sand":6,"minecraft:birch_planks":2,"minecraft:oak_log":1,"minecraft:golden_pickaxe":1,"epicsamurai:onyx":4,"minecraft:leather":5,"minecraft:chest_minecart":2,"stalwart_dungeons:tungsten_shield":1,"paraglider:spirit_orb":4,"minecraft:flint":7,"minecraft:cracked_polished_blackstone_bricks":3,"epicsamurai:katana_akaname":1,"irons_spellbooks:hogskin":2,"minecraft:crimson_roots":8,"minecraft:polished_blackstone_bricks":2,"minecraft:birch_log":4,"minecraft:gravel":38,"minecraft:blackstone":14,"epicsamurai:spirit_flame":5,"minecraft:diamond_shovel":1,"minecraft:carrot":1,"minecraft:recovery_compass":1,"minecraft:chainmail_chestplate":2,"minecraft:gunpowder":35,"minecraft:beetroot_seeds":3,"minecraft:melon_seeds":3,"irons_spellbooks:arcane_debris":1,"minecraft:basalt":92,"minecraft:iron_bars":1,"minecraft:arrow":10,"minecraft:netherrack":1001,"minecraft:bread":10,"justhammers:diamond_hammer":1,"minecraft:golden_helmet":1,"minecraft:golden_axe":1,"minecraft:spruce_stairs":2,"minecraft:acacia_log":8,"minecraft:grass_block":1,"simplyswords:gold_greataxe":1,"minecraft:stick":24,"irons_spellbooks:scroll":3,"epicsamurai:steel_ingot":30,"minecraft:diorite":3,"minecraft:torch":1,"minecraft:sculk_catalyst":3,"epicsamurai:blue_samurai_leggings_master":2,"botania:magenta_petal":1,"minecraft:nether_wart_block":3,"epicpaladins:jade_pickaxe":1,"tombstone:grave_dust":8,"minecraft:iron_axe":2,"minecraft:polished_basalt":5,"sophisticatedbackpacks:jukebox_upgrade":1,"minecraft:redstone":23,"alexsmobs:maggot":2,"minecraft:warped_nylium":1,"minecraft:coarse_dirt":9,"minecraft:nether_wart":12,"minecraft:raw_copper":6,"minecraft:tuff":121,"minecraft:raw_iron":11,"simplyswords:diamond_sai":1,"minecraft:sculk_sensor":7,"minecraft:flint_and_steel":1,"minecraft:filled_map":1,"minecraft:shield":1,"alexsmobs:lobster_tail":1,"dynamictrees:warped_seed":1,"minecraft:andesite":20,"minecraft:mossy_stone_bricks":1,"minecraft:stone_pickaxe":1},"minecraft:used":{"irons_spellbooks:inscription_table":1,"minecraft:poppy":1,"minecraft:chest":12,"minecraft:stone":338,"minecraft:rotten_flesh":7,"aquaculture:bluegill":1,"minecraft:soul_sand":13,"epicpaladins:bloodstone_axe":1324,"minecraft:jungle_slab":1,"majruszsdifficulty:golden_bandage":3,"minecraft:lava_bucket":2,"minecraft:stripped_dark_oak_wood":3,"stalwart_dungeons:spore_vaporizer":1,"minecraft:furnace":4,"minecraft:oak_sapling":3,"minecraft:egg":6,"stalwart_dungeons:tungsten_chestplate":1,"minecraft:diorite":24,"simplyswords:gold_greataxe":2,"minecraft:golden_apple":3,"stalwart_dungeons:soul_bricks":11,"minecraft:blast_furnace":1,"dynamictrees:acacia_seed":1,"minecraft:smithing_table":1,"minecraft:netherrack":439,"minecraft:torch":134,"minecraft:anvil":1,"simplyswords:iron_katana":251,"minecraft:iron_axe":249,"travelersbackpack:squid":38,"stalwart_dungeons:soul_magma_bricks":2,"minecraft:basalt":86,"minecraft:tripwire_hook":1,"minecraft:beef":2,"tombstone:gift":5,"minecraft:cobbled_deepslate":76,"minecraft:cherry_log":258,"minecraft:calcite":2,"minecraft:water_bucket":61,"minecraft:cherry_planks":21,"minecraft:mossy_cobblestone":1,"minecraft:crafting_table":20,"minecraft:tnt":1,"justhammers:diamond_hammer":417,"minecraft:cake":4,"alexsmobs:leafcutter_ant_pupa":1,"justhammers:iron_hammer":201,"minecraft:oak_log":20,"minecraft:dark_prismarine":1,"stalwart_dungeons:tungsten_leggings":1,"epicpaladins:arclight_pickaxe":2426,"majruszsdifficulty:undead_army_treasure_bag":2,"minecraft:diamond_shovel":235,"minecraft:iron_pickaxe":246,"tombstone:magic_scroll":3,"minecraft:cobblestone":414,"minecraft:potion":1,"majruszsdifficulty:warden_treasure_bag":5,"minecraft:cooked_porkchop":14,"minecraft:porkchop":21,"minecraft:cherry_sapling":76,"minecraft:shield":17,"simplyswords:diamond_sai":7,"minecraft:nether_bricks":6,"minecraft:carrot":21,"minecraft:tuff":1,"minecraft:stone_bricks":1,"minecraft:item_frame":1,"minecraft:stone_pickaxe":5,"minecraft:oak_planks":97,"epicsamurai:katana_akaname":52,"minecraft:golden_hoe":59,"minecraft:mushroom_stew":1,"minecraft:black_bed":5,"minecraft:shears":146,"sophisticatedbackpacks:backpack":2,"minecraft:bread":110,"minecraft:string":4,"minecraft:gravel":15,"minecraft:andesite":4,"minecraft:golden_pickaxe":8,"minecraft:experience_bottle":25,"minecraft:cherry_wood":99,"minecraft:flint_and_steel":4,"minecraft:spruce_planks":11,"stalwart_dungeons:tungsten_boots":1,"dynamictrees:oak_seed":23,"minecraft:wooden_shovel":14,"minecraft:dirt":168,"minecraft:spruce_stairs":3,"minecraft:granite":5,"minecraft:purple_banner":1,"minecraft:wooden_axe":63,"dynamictrees:birch_seed":3,"minecraft:iron_boots":1,"epicpaladins:jade_pickaxe":1338,"minecraft:light_gray_wool":1,"minecraft:soul_soil":2,"minecraft:cooked_beef":22,"minecraft:iron_leggings":1,"minecraft:cooked_mutton":22,"tombstone:scroll_of_knowledge":1,"simplyswords:diamond_katana":1256,"epicpaladins:jade_axe":74,"stalwart_dungeons:tungsten_helmet":1,"minecraft:smoker":1,"tombstone:bag_of_seeds":1,"minecraft:apple":2,"minecraft:stone_axe":213,"irons_spellbooks:keeper_flamberge":415,"minecraft:fishing_rod":20,"minecraft:bucket":64,"minecraft:pumpkin_pie":4,"alexsmobs:animal_dictionary":3,"minecraft:splash_potion":1},"minecraft:custom":{"minecraft:interact_with_crafting_table":101,"minecraft:open_barrel":82,"goblintraders:trade_with_goblin":126,"minecraft:eat_cake_slice":20,"minecraft:leave_game":5,"minecraft:time_since_death":193889,"minecraft:damage_blocked_by_shield":700,"minecraft:play_time":677921,"minecraft:deaths":8,"minecraft:jump":10969,"minecraft:enchant_item":10,"minecraft:interact_with_furnace":69,"minecraft:interact_with_cartography_table":1,"minecraft:sleep_in_bed":6,"minecraft:waystone_activated":2,"minecraft:damage_dealt":138325,"tombstone:undead_killed":235,"minecraft:interact_with_smoker":24,"minecraft:inspect_dispenser":1,"minecraft:interact_with_smithing_table":7,"minecraft:interact_with_anvil":8,"minecraft:damage_dealt_absorbed":492,"minecraft:sneak_time":35376,"minecraft:interact_with_blast_furnace":40,"minecraft:total_world_time":677921,"tombstone:raider_killed":31,"minecraft:tune_noteblock":19,"minecraft:time_since_rest":193700,"minecraft:swim_one_cm":488695,"minecraft:fly_one_cm":1810860,"minecraft:open_chest":277,"minecraft:fall_one_cm":351997,"minecraft:damage_resisted":183,"minecraft:sprint_one_cm":1300969,"minecraft:drop":496,"minecraft:walk_on_water_one_cm":286221,"minecraft:player_kills":2,"minecraft:crouch_one_cm":126560,"minecraft:mob_kills":674,"minecraft:damage_dealt_resisted":460,"minecraft:climb_one_cm":10459,"minecraft:walk_one_cm":2233792,"minecraft:walk_under_water_one_cm":367209,"minecraft:damage_taken":31551,"minecraft:damage_absorbed":229,"minecraft:trigger_trapped_chest":3}},"DataVersion":3465}