{"stats":{"minecraft:killed_by":{"minecraft:zombie":1,"minecraft:player":2,"minecraft:warden":1},"minecraft:crafted":{"minecraft:smooth_stone":6,"epicsamurai:gold_samurai_helmet_master":1,"minecraft:oak_planks":228,"epicsamurai:silver_ingot":15,"epicsamurai:gray_samurai_chestplate":1,"minecraft:cherry_slab":6,"minecraft:stone":188,"stalwart_dungeons:tungsten_helmet":1,"minecraft:bookshelf":30,"minecraft:cooked_mutton":7,"minecraft:iron_boots":1,"sophisticatedbackpacks:copper_backpack":2,"justhammers:diamond_hammer":3,"minecraft:chest":20,"epicsamurai:blue_samurai_chestplate":1,"minecraft:stone_bricks":4,"minecraft:cherry_fence":3,"ironchest:wood_to_copper_chest_upgrade":3,"enchantinginfuser:enchanting_infuser":1,"minecraft:wooden_shovel":1,"sophisticatedbackpacks:backpack":1,"minecraft:emerald":27,"irons_spellbooks:copper_spell_book":2,"minecraft:cooked_porkchop":8,"minecraft:diamond_axe":1,"minecraft:crafting_table":6,"minecraft:wooden_pickaxe":1,"tombstone:decorative_grave_simple":1,"epicsamurai:kitsune_mask":1,"minecraft:copper_ingot":49,"minecraft:birch_planks":40,"irons_spellbooks:arcane_anvil":1,"simplyswords:diamond_katana":4,"enchantinginfuser:advanced_enchanting_infuser":1,"minecraft:paper":63,"minecraft:diamond_pickaxe":2,"minecraft:stick":16,"minecraft:iron_pickaxe":1,"minecraft:iron_ingot":33,"minecraft:gold_ingot":4,"minecraft:netherite_ingot":2,"irons_spellbooks:arcane_ingot":4,"epicsamurai:gray_samurai_leggings":1,"tombstone:decorative_subaraki_grave":1,"minecraft:cherry_planks":408,"stalwart_dungeons:tungsten_leggings":1,"epicpaladins:bloodstone_shovel":1,"minecraft:coal":27,"minecraft:smooth_stone_slab":6,"minecraft:iron_nugget":10,"simplyswords:iron_twinblade":1,"minecraft:blast_furnace":1,"minecraft:furnace":9,"minecraft:bone_meal":96,"irons_spellbooks:graybeard_staff":1,"minecraft:polished_deepslate":8,"minecraft:iron_axe":1,"botania:flower_bag":1,"irons_spellbooks:upgrade_orb":1,"minecraft:stone_pickaxe":1,"simplyswords:iron_rapier":1,"stalwart_dungeons:tungsten_boots":1,"botania:light_blue_petal":2,"minecraft:netherite_scrap":4,"epicsamurai:gray_samurai_boots":1,"stalwart_dungeons:tungsten_ingot":8,"minecraft:wheat":243,"sophisticatedbackpacks:iron_backpack":2,"minecraft:cooked_beef":7,"epicsamurai:gray_samurai_helmet":1,"elevatorid:elevator_white":3,"minecraft:enchanting_table":1,"irons_spellbooks:arcane_salvage":1,"sophisticatedbackpacks:gold_backpack":2,"minecraft:bucket":1,"minecraft:stone_axe":2,"minecraft:amethyst_block":3,"minecraft:bread":81,"minecraft:air":0,"justhammers:iron_hammer":1,"stalwart_dungeons:tungsten_chestplate":1,"epicsamurai:green_samurai_boots_light":1,"tombstone:dark_marble":8,"minecraft:wooden_axe":1,"minecraft:iron_shovel":3,"minecraft:armor_stand":6,"irons_spellbooks:inscription_table":1,"minecraft:torch":44,"epicsamurai:green_samurai_leggings":1},"minecraft:mined":{"minecraft:large_amethyst_bud":2,"minecraft:white_bed":5,"irons_spellbooks:armor_pile":8,"botania:red_mystical_flower":1,"minecraft:sculk_vein":3,"minecraft:cherry_log":168,"alexsmobs:leafcutter_anthill":3,"minecraft:brewing_stand":2,"minecraft:granite":2,"minecraft:grass_block":367,"minecraft:cracked_polished_blackstone_bricks":2,"minecraft:coal_block":3,"minecraft:frosted_ice":4,"botania:light_gray_mystical_flower":1,"minecraft:spawner":1,"minecraft:polished_blackstone_bricks":5,"epicpaladins:moonlight_ore":8,"epicsamurai:deepslate_jade_ore":17,"minecraft:iron_ore":11,"minecraft:anvil":1,"minecraft:stripped_dark_oak_wood":1,"minecraft:enchanting_table":1,"epicsamurai:deepslate_silver_ore":8,"botania:brown_mystical_flower":5,"botania:light_blue_mystical_flower":2,"botania:green_mystical_flower":3,"botania:orange_mystical_flower":6,"minecraft:amethyst_cluster":2,"stalwart_dungeons:soul_tiles":1,"minecraft:powder_snow":1,"minecraft:torch":2,"minecraft:note_block":2,"minecraft:poppy":3,"minecraft:calcite":2,"minecraft:chest":3,"minecraft:cobblestone":8,"botania:blue_mystical_flower":9,"minecraft:sugar_cane":2,"minecraft:oak_planks":4,"botania:blue_double_flower":2,"minecraft:skeleton_skull":1,"minecraft:pink_petals":3,"minecraft:birch_log":6,"epicpaladins:deepslate_cryorium_ore":1,"minecraft:black_bed":2,"minecraft:grass":42,"minecraft:oak_log":56,"minecraft:sand":1,"minecraft:dirt":624,"minecraft:smooth_basalt":1,"minecraft:netherrack":2,"minecraft:oak_leaves":3,"minecraft:deepslate":27,"minecraft:dark_prismarine":1,"minecraft:diamond_ore":2,"minecraft:crying_obsidian":1,"epicsamurai:deepslate_onyx_ore":3,"stalwart_dungeons:soul_bricks":7,"minecraft:deepslate_diamond_ore":15,"enchantinginfuser:enchanting_infuser":1,"minecraft:cherry_sapling":1,"minecraft:glow_lichen":1,"minecraft:nether_bricks":2,"minecraft:redstone_wire":1,"alexsmobs:leafcutter_ant_chamber":18,"epicpaladins:deepslate_arclight_ore":15,"minecraft:hay_block":27,"botania:magenta_mystical_flower":2,"minecraft:furnace":2,"minecraft:gold_block":5,"dynamictrees:oak_branch":10,"minecraft:bookshelf":37,"minecraft:deepslate_iron_ore":3,"minecraft:lantern":1,"minecraft:stone":98,"minecraft:white_wool":13,"epicsamurai:jade_ore":2,"epicpaladins:deepslate_bloodstone_ore":12,"minecraft:dandelion":4,"epicsamurai:deepslate_aquamarine_ore":8,"minecraft:crafting_table":3,"minecraft:tall_grass":6,"minecraft:sculk":1,"minecraft:diorite":1,"stalwart_dungeons:tungsten_ore":27,"minecraft:air":2,"minecraft:birch_planks":1,"epicpaladins:bloodstone_ore":5,"minecraft:birch_leaves":1,"minecraft:red_wall_banner":1,"minecraft:gravel":54,"minecraft:cobweb":25,"minecraft:chipped_anvil":1,"minecraft:fern":2},"minecraft:killed":{"minecraft:cave_spider":3,"minecraft:zombified_piglin":7,"minecraft:spider":23,"minecraft:skeleton":68,"alexsmobs:leafcutter_ant":4,"minecraft:chicken":1,"alexsmobs:laviathan":1,"irons_spellbooks:summoned_skeleton":2,"minecraft:piglin_brute":12,"minecraft:piglin":27,"minecraft:pig":2,"minecraft:zombie_villager":2,"stalwart_dungeons:giddy_blaze":39,"alexsmobs:seal":4,"majruszsdifficulty:tank":2,"epicsamurai:kitsune":3,"epicsamurai:jorogumo":1,"irons_spellbooks:necromancer":6,"minecraft:creeper":35,"alexsmobs:crimson_mosquito":22,"minecraft:sheep":8,"minecraft:pillager":5,"minecraft:zombie":117,"stalwart_dungeons:incomplete_wither":2,"minecraft:stray":6,"alexsmobs:fly":1,"minecraft:blaze":3,"minecraft:cow":4,"alexsmobs:bone_serpent":2,"irons_spellbooks:summoned_zombie":7,"epicsamurai:onibi":3,"minecraft:phantom":1,"epicsamurai:oni":2,"stalwart_dungeons:nether_wart_cocoon":8,"alexsmobs:bison":1,"minecraft:drowned":1,"minecraft:warden":1,"minecraft:husk":20,"stalwart_dungeons:reinforced_blaze":31,"epicsamurai:akaname":6,"irons_spellbooks:citadel_keeper":8,"majruszsdifficulty:cursed_armor":4,"minecraft:hoglin":1,"alexsmobs:cockroach":5,"minecraft:wither_skeleton":10,"minecraft:enderman":6},"minecraft:picked_up":{"irons_spellbooks:scroll":5,"minecraft:chiseled_deepslate":2,"minecraft:iron_chestplate":3,"minecraft:anvil":1,"epicsamurai:steel_ingot":30,"minecraft:enchanted_book":2,"minecraft:nether_brick":94,"simplyswords:gold_greataxe":1,"minecraft:brewing_stand":2,"minecraft:golden_sword":1,"epicsamurai:blue_samurai_leggings_master":1,"minecraft:string":112,"minecraft:soul_soil":13,"minecraft:raw_copper":43,"travelersbackpack:creeper":1,"epicpaladins:bloodstone_gem":25,"minecraft:activator_rail":8,"irons_spellbooks:arcane_essence":14,"alexsmobs:blood_sac":9,"minecraft:gold_nugget":133,"minecraft:cobbled_deepslate":376,"minecraft:calcite":2,"irons_spellbooks:blank_rune":1,"minecraft:coal_block":3,"minecraft:iron_boots":2,"alexsmobs:leafcutter_ant_chamber":37,"minecraft:furnace":2,"minecraft:golden_helmet":2,"minecraft:tipped_arrow":8,"minecraft:stick":103,"epicpaladins:arclight_gem":39,"minecraft:torch":11,"minecraft:porkchop":21,"minecraft:dried_kelp":7,"minecraft:cherry_log":167,"tombstone:grave_dust":41,"minecraft:diorite":15,"epicpaladins:moonlight_gem":41,"alexsmobs:centipede_leg":1,"minecraft:chiseled_nether_bricks":2,"minecraft:stone_sword":1,"epicpaladins:cryorium_gem":14,"minecraft:rotten_flesh":328,"irons_spellbooks:arcane_debris":1,"majruszsdifficulty:undead_army_treasure_bag":1,"minecraft:blaze_rod":98,"minecraft:deepslate_brick_stairs":6,"minecraft:obsidian":27,"minecraft:iron_bars":5,"alexsmobs:lobster_tail":2,"minecraft:cobblestone":3238,"minecraft:enchanting_table":1,"minecraft:birch_log":10,"minecraft:pink_petals":3,"minecraft:feather":2,"minecraft:cooked_beef":14,"minecraft:cherry_planks":4,"minecraft:birch_slab":1,"minecraft:andesite":11,"minecraft:black_bed":1,"minecraft:potato":3,"alexsmobs:bison_fur":4,"paraglider:spirit_orb":2,"minecraft:flint":11,"minecraft:tuff":11,"minecraft:wither_skeleton_skull":1,"irons_spellbooks:keeper_flamberge":1,"minecraft:lapis_lazuli":79,"minecraft:dirt":1021,"minecraft:name_tag":5,"irons_spellbooks:hogskin":11,"stalwart_dungeons:blaze_armor_scrap":29,"minecraft:bone":302,"minecraft:chipped_anvil":1,"minecraft:bow":2,"minecraft:wheat_seeds":14,"minecraft:deepslate_brick_slab":2,"minecraft:raw_gold":1,"stalwart_dungeons:tungsten_shield":1,"minecraft:glowstone_dust":3,"epicsamurai:raw_silver":15,"simplyswords:diamond_sai":1,"minecraft:oak_planks":4,"irons_spellbooks:frozen_bone":30,"minecraft:cooked_porkchop":7,"patchouli:guide_book":1,"minecraft:warped_wart_block":20,"minecraft:sand":44,"minecraft:ink_sac":4,"minecraft:dead_bush":1,"alexsmobs:animal_dictionary":1,"minecraft:dark_prismarine":1,"minecraft:bundle":6,"minecraft:diamond":53,"enchantinginfuser:enchanting_infuser":1,"minecraft:cracked_polished_blackstone_bricks":29,"minecraft:granite":112,"minecraft:crossbow":4,"epicsamurai:jorogumo_eye":5,"minecraft:golden_apple":1,"epicsamurai:katana_akaname":1,"epicsamurai:ruby":2,"minecraft:bread":10,"alexsmobs:maggot":3,"minecraft:oak_sapling":42,"minecraft:netherrack":852,"minecraft:crimson_roots":7,"minecraft:crafting_table":3,"minecraft:coarse_dirt":44,"artifacts:night_vision_goggles":1,"minecraft:chicken":1,"minecraft:chest_minecart":1,"minecraft:golden_pickaxe":2,"minecraft:gold_block":15,"stalwart_dungeons:soul_bricks":7,"minecraft:flint_and_steel":2,"minecraft:netherite_scrap":4,"epicsamurai:jade":38,"botania:magenta_mystical_flower":2,"minecraft:blackstone":19,"minecraft:candle":10,"minecraft:detector_rail":6,"minecraft:beef":16,"minecraft:echo_shard":3,"epicsamurai:akaname_tongue":8,"minecraft:iron_nugget":236,"minecraft:poppy":3,"minecraft:sugar_cane":4,"minecraft:chest":6,"minecraft:birch_sapling":1,"minecraft:phantom_membrane":1,"minecraft:egg":11,"minecraft:raw_iron":71,"minecraft:sandstone":1,"sophisticatedbackpacks:backpack":1,"minecraft:note_block":3,"minecraft:polished_blackstone_bricks":36,"minecraft:cake":1,"minecraft:carrot":25,"minecraft:redstone":37,"alexsmobs:leafcutter_ant_pupa":7,"botania:overgrowth_seed":1,"botania:black_lotus":1,"minecraft:tnt":3,"epicsamurai:blue_samurai_chestplate":1,"minecraft:arrow":264,"minecraft:weeping_vines":1,"minecraft:beetroot_seeds":2,"stalwart_dungeons:raw_tungsten":43,"minecraft:nether_bricks":3,"minecraft:deepslate_bricks":3,"minecraft:hay_block":27,"botania:blue_mystical_flower":6,"minecraft:cracked_deepslate_bricks":2,"tombstone:essence_of_undeath":3,"minecraft:glistering_melon_slice":26,"sophisticatedbackpacks:copper_backpack":2,"epicsamurai:spirit_stone_base":6,"minecraft:glow_berries":7,"minecraft:mutton":25,"minecraft:skeleton_skull":1,"minecraft:white_wool":101,"minecraft:rail":18,"epicsamurai:kitsune_tail":3,"epicsamurai:kitsune_hide":2,"simplyswords:iron_katana":1,"minecraft:basalt":5,"minecraft:glow_ink_sac":2,"minecraft:leather":19,"majruszsdifficulty:tattered_helmet":2,"majruszsdifficulty:cloth":23,"minecraft:filled_map":1,"minecraft:mushroom_stew":1,"minecraft:oak_log":65,"minecraft:chainmail_chestplate":2,"minecraft:golden_boots":2,"minecraft:nether_wart_block":1,"minecraft:gunpowder":99,"tombstone:voodoo_poppet":1,"alexsmobs:mosquito_proboscis":1,"tombstone:gift":1,"botania:light_blue_mystical_flower":2,"botania:black_mystical_flower":1,"epicsamurai:oni_horn":1,"minecraft:apple":1,"minecraft:warped_stem":12,"majruszsdifficulty:tattered_leggings":4,"alexsmobs:cockroach_wing_fragment":7,"minecraft:heart_of_the_sea":2,"minecraft:iron_ingot":5,"dynamictrees:birch_seed":1,"minecraft:cobweb":6,"tombstone:bag_of_seeds":2,"epicsamurai:aquamarine":8,"irons_spellbooks:cinder_essence":10,"minecraft:soul_sand":1,"minecraft:book":195,"minecraft:sculk_catalyst":5,"epicsamurai:onyx":14,"stalwart_dungeons:tungsten_ingot":10,"minecraft:quartz":37,"minecraft:dandelion":4,"minecraft:gravel":47,"stalwart_dungeons:soul_tiles":12,"minecraft:amethyst_shard":8,"minecraft:red_banner":1,"minecraft:white_bed":5,"minecraft:crying_obsidian":17,"minecraft:spider_eye":34,"minecraft:sculk_sensor":5,"minecraft:chainmail_leggings":3,"minecraft:iron_helmet":3,"travelersbackpack:pumpkin":1,"minecraft:cherry_sapling":150,"minecraft:gray_wool":1,"minecraft:warped_nylium":2,"tombstone:magic_scroll":4,"minecraft:melon_seeds":10,"majruszsdifficulty:tattered_chestplate":4,"botania:brown_mystical_flower":4,"minecraft:coal":141,"minecraft:ender_pearl":11,"epicsamurai:spirit_flame":11},"minecraft:broken":{"minecraft:golden_helmet":1,"minecraft:iron_shovel":2,"minecraft:golden_boots":1,"simplyswords:iron_katana":1,"simplyswords:iron_twinblade":1,"minecraft:stone_axe":1,"minecraft:wooden_axe":1,"epicsamurai:gold_samurai_helmet_master":1,"epicsamurai:green_samurai_boots_light":1},"minecraft:dropped":{"minecraft:crossbow":3,"minecraft:glow_berries":1,"minecraft:chest_minecart":1,"stalwart_dungeons:tungsten_shield":1,"minecraft:rail":14,"minecraft:birch_slab":1,"epicsamurai:katana_akaname":1,"minecraft:cracked_polished_blackstone_bricks":5,"minecraft:dirt":2,"minecraft:crimson_roots":1,"epicsamurai:spirit_stone_base":3,"minecraft:phantom_membrane":1,"minecraft:sand":16,"minecraft:polished_blackstone_bricks":1,"minecraft:glistering_melon_slice":13,"botania:light_blue_petal":1,"minecraft:bone":8,"minecraft:iron_nugget":1,"minecraft:detector_rail":6,"minecraft:cobbled_deepslate":128,"minecraft:birch_sapling":1,"minecraft:beetroot":2,"minecraft:deepslate_brick_slab":2,"minecraft:rotten_flesh":22,"minecraft:oak_planks":5,"justhammers:iron_hammer":1,"minecraft:carrot":1,"minecraft:chainmail_chestplate":1,"minecraft:chiseled_deepslate":2,"minecraft:gunpowder":7,"minecraft:beetroot_seeds":2,"minecraft:melon_seeds":4,"minecraft:chest":1,"minecraft:iron_bars":5,"minecraft:splash_potion":1,"minecraft:netherrack":384,"minecraft:egg":3,"minecraft:iron_ingot":1,"minecraft:bread":24,"minecraft:chiseled_nether_bricks":2,"minecraft:golden_helmet":1,"minecraft:wheat_seeds":1,"minecraft:tnt":1,"minecraft:iron_helmet":1,"minecraft:feather":1,"minecraft:cobblestone":294,"minecraft:activator_rail":2,"minecraft:chainmail_helmet":1,"minecraft:golden_apple":1,"minecraft:stick":1,"stalwart_dungeons:soul_bricks":2,"minecraft:deepslate_brick_stairs":5,"minecraft:diorite":14,"epicsamurai:blue_samurai_leggings_master":1,"minecraft:dead_bush":1,"minecraft:dried_kelp":7,"simplyswords:iron_rapier":1,"minecraft:chainmail_leggings":1,"minecraft:string":5,"minecraft:pink_petals":3,"tombstone:voodoo_poppet":1,"stalwart_dungeons:soul_tiles":12,"minecraft:redstone":1,"epicsamurai:blue_samurai_chestplate":1,"alexsmobs:maggot":3,"minecraft:coarse_dirt":11,"minecraft:bowl":5,"minecraft:tuff":3,"minecraft:raw_iron":1,"epicpaladins:bloodstone_gem":1,"minecraft:name_tag":1,"minecraft:nether_bricks":1,"minecraft:deepslate_bricks":3,"minecraft:potato":1,"alexsmobs:cockroach_wing_fragment":5,"minecraft:iron_chestplate":1,"minecraft:andesite":11,"minecraft:spider_eye":7,"minecraft:sandstone":1,"minecraft:raw_gold":1,"minecraft:cracked_deepslate_bricks":1,"minecraft:calcite":1},"minecraft:used":{"irons_spellbooks:inscription_table":1,"minecraft:iron_shovel":508,"minecraft:poppy":3,"minecraft:chest":24,"minecraft:stone":140,"minecraft:rotten_flesh":28,"minecraft:mutton":4,"minecraft:carrot":5,"majruszsdifficulty:golden_bandage":6,"enchantinginfuser:advanced_enchanting_infuser":1,"minecraft:obsidian":12,"tombstone:decorative_grave_simple":1,"epicpaladins:bloodstone_shovel":536,"minecraft:furnace":10,"epicsamurai:gray_samurai_boots":1,"minecraft:egg":1,"minecraft:golden_boots":1,"minecraft:oak_planks":14,"minecraft:stone_pickaxe":55,"simplyswords:iron_rapier":27,"minecraft:blackstone":15,"minecraft:ender_pearl":1,"minecraft:wooden_pickaxe":26,"minecraft:leather_chestplate":1,"minecraft:chainmail_helmet":1,"epicsamurai:katana_akaname":1,"minecraft:golden_apple":1,"minecraft:sugar_cane":4,"elevatorid:elevator_white":2,"minecraft:blast_furnace":1,"minecraft:mushroom_stew":5,"minecraft:black_bed":1,"minecraft:note_block":1,"minecraft:deepslate_brick_stairs":1,"minecraft:bread":89,"travelersbackpack:pumpkin":5,"tombstone:decorative_subaraki_grave":1,"alexsmobs:leafcutter_ant_chamber":1,"minecraft:experience_bottle":8,"minecraft:enchanting_table":1,"minecraft:flint_and_steel":1,"minecraft:cracked_deepslate_bricks":1,"minecraft:armor_stand":6,"minecraft:netherrack":94,"minecraft:torch":33,"minecraft:brewing_stand":2,"minecraft:dirt":331,"simplyswords:iron_katana":263,"minecraft:chainmail_chestplate":1,"minecraft:wooden_axe":70,"minecraft:chipped_anvil":1,"minecraft:bookshelf":30,"minecraft:iron_axe":188,"dynamictrees:birch_seed":1,"minecraft:basalt":2,"minecraft:beef":6,"tombstone:gift":8,"minecraft:cooked_beef":21,"epicsamurai:gray_samurai_chestplate":2,"minecraft:cooked_mutton":7,"minecraft:water_bucket":11,"simplyswords:diamond_katana":1380,"minecraft:birch_planks":12,"ironchest:wood_to_copper_chest_upgrade":3,"justhammers:diamond_hammer":627,"minecraft:crafting_table":9,"simplyswords:iron_twinblade":250,"minecraft:white_bed":5,"alexsmobs:leafcutter_ant_pupa":1,"minecraft:cake":2,"justhammers:iron_hammer":86,"minecraft:diamond_pickaxe":83,"minecraft:apple":1,"majruszsdifficulty:undead_army_treasure_bag":3,"travelersbackpack:creeper":2,"minecraft:cracked_polished_blackstone_bricks":9,"minecraft:chicken":1,"minecraft:iron_pickaxe":200,"tombstone:magic_scroll":2,"minecraft:leather_helmet":1,"minecraft:stone_axe":150,"enchantinginfuser:enchanting_infuser":1,"minecraft:cobblestone":187,"minecraft:porkchop":2,"majruszsdifficulty:warden_treasure_bag":5,"minecraft:cooked_porkchop":15,"minecraft:red_banner":1,"minecraft:bucket":11,"minecraft:pumpkin_pie":8,"irons_spellbooks:arcane_anvil":1,"minecraft:dandelion":4,"minecraft:chainmail_leggings":1},"minecraft:custom":{"minecraft:interact_with_crafting_table":132,"minecraft:open_barrel":62,"goblintraders:trade_with_goblin":27,"minecraft:eat_cake_slice":15,"minecraft:leave_game":14,"minecraft:time_since_death":182895,"minecraft:damage_resisted":1901,"minecraft:sprint_one_cm":1124221,"minecraft:drop":140,"minecraft:play_noteblock":7,"minecraft:play_time":668484,"minecraft:deaths":9,"minecraft:jump":6666,"minecraft:interact_with_brewingstand":1,"minecraft:walk_on_water_one_cm":199849,"minecraft:enchant_item":31,"tombstone:steal_effect":39,"minecraft:interact_with_furnace":77,"minecraft:sleep_in_bed":6,"minecraft:waystone_activated":1,"minecraft:damage_dealt":155533,"minecraft:crouch_one_cm":19873,"tombstone:undead_killed":254,"minecraft:interact_with_anvil":14,"minecraft:mob_kills":652,"minecraft:damage_dealt_resisted":359,"minecraft:climb_one_cm":10622,"minecraft:walk_one_cm":1897631,"minecraft:damage_dealt_absorbed":70,"minecraft:sneak_time":7842,"minecraft:walk_under_water_one_cm":83327,"minecraft:interact_with_blast_furnace":11,"minecraft:total_world_time":668484,"tombstone:raider_killed":6,"minecraft:tune_noteblock":1,"minecraft:time_since_rest":182753,"minecraft:damage_absorbed":212,"minecraft:damage_taken":26266,"minecraft:trigger_trapped_chest":2,"minecraft:swim_one_cm":95000,"minecraft:fly_one_cm":1708194,"minecraft:open_chest":410,"minecraft:fall_one_cm":216920}},"DataVersion":3465}