{"stats":{"minecraft:crafted":{"minecraft:oak_planks":228,"epicsamurai:gold_samurai_helmet_master":1,"minecraft:stone":115,"minecraft:bookshelf":8,"minecraft:cooked_mutton":7,"minecraft:iron_boots":1,"sophisticatedbackpacks:copper_backpack":2,"justhammers:diamond_hammer":1,"minecraft:chest":20,"epicsamurai:blue_samurai_chestplate":1,"ironchest:wood_to_copper_chest_upgrade":3,"sophisticatedbackpacks:backpack":1,"minecraft:cooked_porkchop":8,"minecraft:crafting_table":6,"minecraft:wooden_pickaxe":1,"tombstone:decorative_grave_simple":1,"minecraft:copper_ingot":49,"minecraft:birch_planks":40,"simplyswords:diamond_katana":1,"minecraft:stick":16,"minecraft:iron_ingot":33,"minecraft:iron_pickaxe":1,"minecraft:gold_ingot":4,"minecraft:cherry_planks":52,"epicpaladins:bloodstone_shovel":1,"minecraft:coal":27,"minecraft:iron_nugget":10,"simplyswords:iron_twinblade":1,"minecraft:furnace":9,"minecraft:iron_axe":1,"botania:flower_bag":1,"minecraft:stone_pickaxe":1,"simplyswords:iron_rapier":1,"botania:light_blue_petal":2,"minecraft:wheat":243,"sophisticatedbackpacks:iron_backpack":2,"minecraft:cooked_beef":7,"sophisticatedbackpacks:gold_backpack":2,"minecraft:bucket":1,"minecraft:stone_axe":2,"minecraft:bread":81,"minecraft:air":0,"justhammers:iron_hammer":1,"epicsamurai:green_samurai_boots_light":1,"tombstone:dark_marble":3,"minecraft:wooden_axe":1,"minecraft:iron_shovel":3,"minecraft:torch":44,"epicsamurai:green_samurai_leggings":1},"minecraft:picked_up":{"irons_spellbooks:scroll":2,"spore:mutated_heart":34,"minecraft:iron_chestplate":3,"epicsamurai:steel_ingot":30,"minecraft:enchanted_book":2,"minecraft:brewing_stand":2,"spore:innards":1,"minecraft:string":47,"minecraft:raw_copper":43,"epicpaladins:bloodstone_gem":10,"minecraft:activator_rail":8,"irons_spellbooks:arcane_essence":4,"minecraft:cobbled_deepslate":183,"minecraft:calcite":2,"irons_spellbooks:blank_rune":1,"minecraft:coal_block":3,"alexsmobs:leafcutter_ant_chamber":37,"minecraft:iron_boots":2,"minecraft:furnace":1,"minecraft:tipped_arrow":8,"minecraft:stick":33,"epicpaladins:arclight_gem":39,"minecraft:torch":8,"minecraft:porkchop":5,"minecraft:cherry_log":14,"tombstone:grave_dust":26,"minecraft:diorite":15,"epicpaladins:cryorium_gem":14,"minecraft:rotten_flesh":245,"majruszsdifficulty:undead_army_treasure_bag":1,"minecraft:cobblestone":2890,"minecraft:birch_log":10,"minecraft:pink_petals":3,"minecraft:feather":1,"minecraft:cooked_beef":14,"minecraft:cherry_planks":4,"minecraft:birch_slab":1,"minecraft:andesite":11,"minecraft:black_bed":1,"alexsmobs:bison_fur":4,"minecraft:potato":1,"minecraft:flint":11,"minecraft:tuff":5,"minecraft:lapis_lazuli":60,"minecraft:dirt":1019,"minecraft:name_tag":5,"minecraft:bone":234,"minecraft:bow":1,"minecraft:wheat_seeds":13,"minecraft:glowstone_dust":3,"epicsamurai:raw_silver":8,"minecraft:oak_planks":4,"spore:cerebrum":37,"irons_spellbooks:frozen_bone":30,"minecraft:cooked_porkchop":7,"patchouli:guide_book":1,"spore:armor_fragment":3,"minecraft:sand":44,"minecraft:ink_sac":4,"alexsmobs:animal_dictionary":1,"minecraft:dark_prismarine":1,"minecraft:bundle":4,"spore:claw_fragment":11,"minecraft:diamond":5,"minecraft:crossbow":1,"minecraft:granite":112,"minecraft:bread":10,"alexsmobs:maggot":3,"spore:spine_fragment":20,"minecraft:oak_sapling":42,"minecraft:crafting_table":3,"minecraft:coarse_dirt":44,"artifacts:night_vision_goggles":1,"minecraft:chicken":1,"minecraft:chest_minecart":1,"minecraft:golden_pickaxe":2,"minecraft:flint_and_steel":2,"epicsamurai:jade":22,"botania:magenta_mystical_flower":2,"minecraft:detector_rail":6,"minecraft:beef":16,"minecraft:poppy":3,"minecraft:iron_nugget":18,"minecraft:chest":6,"minecraft:birch_sapling":1,"minecraft:phantom_membrane":1,"minecraft:egg":10,"minecraft:raw_iron":62,"minecraft:sandstone":1,"spore:wing_membrane":2,"minecraft:note_block":3,"minecraft:cake":1,"minecraft:carrot":23,"minecraft:redstone":1,"alexsmobs:leafcutter_ant_pupa":7,"botania:overgrowth_seed":1,"botania:black_lotus":1,"minecraft:tnt":3,"minecraft:arrow":217,"minecraft:beetroot_seeds":2,"minecraft:hay_block":27,"botania:blue_mystical_flower":6,"minecraft:glistering_melon_slice":26,"tombstone:essence_of_undeath":1,"spore:tendons":6,"minecraft:glow_berries":6,"minecraft:mutton":25,"minecraft:white_wool":101,"minecraft:rail":11,"simplyswords:iron_katana":1,"minecraft:leather":14,"majruszsdifficulty:tattered_helmet":2,"majruszsdifficulty:cloth":23,"minecraft:filled_map":1,"minecraft:mushroom_stew":1,"minecraft:oak_log":65,"minecraft:chainmail_chestplate":2,"minecraft:gunpowder":79,"tombstone:voodoo_poppet":1,"tombstone:gift":1,"botania:light_blue_mystical_flower":2,"botania:black_mystical_flower":1,"minecraft:apple":1,"majruszsdifficulty:tattered_leggings":4,"minecraft:heart_of_the_sea":2,"minecraft:iron_ingot":5,"dynamictrees:birch_seed":1,"minecraft:cobweb":6,"spore:mutated_fiber":373,"epicsamurai:aquamarine":5,"minecraft:book":192,"epicsamurai:onyx":3,"minecraft:dandelion":4,"minecraft:gravel":47,"minecraft:amethyst_shard":8,"minecraft:red_banner":1,"minecraft:white_bed":5,"minecraft:spider_eye":11,"minecraft:chainmail_leggings":3,"minecraft:iron_helmet":3,"travelersbackpack:pumpkin":1,"minecraft:cherry_sapling":37,"minecraft:gray_wool":1,"tombstone:magic_scroll":2,"minecraft:melon_seeds":7,"majruszsdifficulty:tattered_chestplate":4,"minecraft:coal":100,"botania:brown_mystical_flower":4,"minecraft:ender_pearl":2},"minecraft:killed":{"minecraft:cave_spider":2,"minecraft:spider":12,"spore:leaper":1,"minecraft:skeleton":52,"alexsmobs:leafcutter_ant":4,"minecraft:chicken":1,"irons_spellbooks:summoned_skeleton":2,"minecraft:pig":2,"spore:inf_player":1,"spore:inf_wanderer":2,"minecraft:zombie_villager":1,"alexsmobs:seal":4,"majruszsdifficulty:tank":2,"spore:inf_drowned":3,"irons_spellbooks:necromancer":3,"minecraft:creeper":29,"minecraft:sheep":8,"spore:inf_villager":29,"minecraft:pillager":5,"spore:inf_human":51,"minecraft:zombie":76,"minecraft:stray":6,"alexsmobs:fly":1,"minecraft:cow":4,"irons_spellbooks:summoned_zombie":7,"minecraft:phantom":1,"minecraft:drowned":1,"alexsmobs:bison":1,"minecraft:husk":20,"spore:inf_pillager":22,"alexsmobs:cockroach":2,"spore:inf_witch":2,"spore:busser":2,"minecraft:enderman":1},"minecraft:killed_by":{"minecraft:zombie":1},"minecraft:custom":{"minecraft:interact_with_crafting_table":79,"minecraft:open_barrel":46,"minecraft:eat_cake_slice":15,"minecraft:leave_game":10,"minecraft:time_since_death":222592,"minecraft:damage_resisted":125,"minecraft:sprint_one_cm":574147,"minecraft:drop":77,"minecraft:play_noteblock":7,"minecraft:play_time":364427,"minecraft:deaths":4,"minecraft:jump":3486,"minecraft:interact_with_brewingstand":1,"minecraft:walk_on_water_one_cm":153757,"minecraft:interact_with_furnace":60,"minecraft:sleep_in_bed":6,"minecraft:waystone_activated":1,"minecraft:damage_dealt":69801,"minecraft:crouch_one_cm":4379,"tombstone:undead_killed":172,"minecraft:interact_with_anvil":2,"minecraft:mob_kills":368,"minecraft:damage_dealt_resisted":15,"minecraft:climb_one_cm":9845,"minecraft:walk_one_cm":1012205,"minecraft:sneak_time":2952,"minecraft:walk_under_water_one_cm":50968,"minecraft:interact_with_blast_furnace":1,"minecraft:total_world_time":364427,"tombstone:raider_killed":6,"minecraft:tune_noteblock":1,"minecraft:time_since_rest":172124,"minecraft:damage_taken":11826,"minecraft:swim_one_cm":83058,"minecraft:fly_one_cm":1179429,"minecraft:open_chest":187,"minecraft:fall_one_cm":106486},"minecraft:broken":{"minecraft:iron_shovel":2,"minecraft:golden_boots":1,"simplyswords:iron_katana":1,"simplyswords:iron_twinblade":1,"minecraft:stone_axe":1,"minecraft:wooden_axe":1},"minecraft:mined":{"minecraft:large_amethyst_bud":2,"minecraft:white_bed":5,"botania:red_mystical_flower":1,"minecraft:cherry_log":10,"alexsmobs:leafcutter_anthill":3,"minecraft:brewing_stand":2,"minecraft:granite":2,"minecraft:grass_block":366,"minecraft:coal_block":3,"epicsamurai:deepslate_jade_ore":13,"minecraft:iron_ore":10,"minecraft:stripped_dark_oak_wood":1,"epicsamurai:deepslate_silver_ore":8,"botania:brown_mystical_flower":5,"botania:light_blue_mystical_flower":2,"botania:green_mystical_flower":3,"botania:orange_mystical_flower":6,"minecraft:amethyst_cluster":2,"minecraft:powder_snow":1,"minecraft:torch":2,"minecraft:note_block":2,"minecraft:poppy":3,"minecraft:calcite":2,"minecraft:chest":3,"minecraft:cobblestone":7,"botania:blue_mystical_flower":6,"minecraft:oak_planks":4,"botania:blue_double_flower":1,"minecraft:pink_petals":3,"minecraft:birch_log":6,"epicpaladins:deepslate_cryorium_ore":1,"minecraft:black_bed":2,"minecraft:grass":41,"minecraft:oak_log":56,"minecraft:sand":1,"minecraft:dirt":624,"minecraft:smooth_basalt":1,"minecraft:oak_leaves":3,"minecraft:deepslate":16,"minecraft:dark_prismarine":1,"minecraft:deepslate_diamond_ore":5,"minecraft:redstone_wire":1,"alexsmobs:leafcutter_ant_chamber":18,"epicpaladins:deepslate_arclight_ore":15,"minecraft:hay_block":27,"botania:magenta_mystical_flower":2,"minecraft:furnace":1,"minecraft:bookshelf":36,"dynamictrees:oak_branch":10,"minecraft:deepslate_iron_ore":3,"minecraft:stone":72,"minecraft:white_wool":13,"epicpaladins:deepslate_bloodstone_ore":3,"minecraft:dandelion":4,"epicsamurai:deepslate_aquamarine_ore":5,"minecraft:crafting_table":3,"minecraft:tall_grass":6,"minecraft:diorite":1,"minecraft:air":2,"minecraft:birch_planks":1,"minecraft:birch_leaves":1,"minecraft:red_wall_banner":1,"minecraft:gravel":54,"minecraft:fern":2},"minecraft:dropped":{"minecraft:crossbow":1,"minecraft:chest_minecart":1,"minecraft:rail":7,"minecraft:birch_slab":1,"minecraft:dirt":1,"minecraft:phantom_membrane":1,"minecraft:sand":16,"minecraft:glistering_melon_slice":13,"botania:light_blue_petal":1,"minecraft:bone":8,"minecraft:iron_nugget":1,"minecraft:detector_rail":6,"minecraft:cobbled_deepslate":53,"minecraft:birch_sapling":1,"minecraft:beetroot":2,"minecraft:rotten_flesh":11,"minecraft:oak_planks":5,"justhammers:iron_hammer":1,"minecraft:chainmail_chestplate":1,"minecraft:beetroot_seeds":2,"minecraft:melon_seeds":4,"minecraft:chest":1,"spore:armor_fragment":1,"minecraft:egg":2,"minecraft:iron_ingot":1,"minecraft:bread":24,"minecraft:wheat_seeds":1,"minecraft:tnt":1,"minecraft:iron_helmet":1,"minecraft:cobblestone":271,"minecraft:activator_rail":2,"minecraft:chainmail_helmet":1,"minecraft:stick":1,"minecraft:diorite":14,"minecraft:chainmail_leggings":1,"minecraft:string":3,"minecraft:pink_petals":3,"spore:claw_fragment":2,"tombstone:voodoo_poppet":1,"alexsmobs:maggot":3,"minecraft:coarse_dirt":11,"minecraft:bowl":5,"epicpaladins:bloodstone_gem":1,"minecraft:name_tag":1,"minecraft:potato":1,"minecraft:iron_chestplate":1,"minecraft:andesite":11,"minecraft:spider_eye":4,"minecraft:sandstone":1,"minecraft:calcite":1},"minecraft:used":{"minecraft:iron_shovel":508,"minecraft:poppy":3,"minecraft:chest":24,"minecraft:stone":108,"minecraft:rotten_flesh":27,"minecraft:mutton":4,"minecraft:carrot":5,"majruszsdifficulty:golden_bandage":5,"tombstone:decorative_grave_simple":1,"epicpaladins:bloodstone_shovel":536,"minecraft:furnace":10,"minecraft:egg":1,"minecraft:golden_boots":1,"simplyswords:iron_rapier":27,"minecraft:stone_pickaxe":55,"minecraft:oak_planks":14,"minecraft:ender_pearl":1,"minecraft:leather_chestplate":1,"minecraft:wooden_pickaxe":26,"minecraft:chainmail_helmet":1,"minecraft:mushroom_stew":5,"minecraft:note_block":1,"minecraft:black_bed":1,"minecraft:bread":89,"travelersbackpack:pumpkin":5,"alexsmobs:leafcutter_ant_chamber":1,"minecraft:torch":30,"minecraft:brewing_stand":2,"minecraft:dirt":331,"simplyswords:iron_katana":263,"minecraft:chainmail_chestplate":1,"minecraft:wooden_axe":70,"minecraft:iron_axe":19,"dynamictrees:birch_seed":1,"minecraft:beef":6,"tombstone:gift":5,"minecraft:cooked_beef":14,"minecraft:cooked_mutton":7,"minecraft:water_bucket":2,"simplyswords:diamond_katana":545,"minecraft:birch_planks":12,"ironchest:wood_to_copper_chest_upgrade":3,"minecraft:crafting_table":9,"justhammers:diamond_hammer":358,"simplyswords:iron_twinblade":250,"minecraft:white_bed":5,"minecraft:cake":2,"alexsmobs:leafcutter_ant_pupa":1,"justhammers:iron_hammer":86,"minecraft:apple":1,"majruszsdifficulty:undead_army_treasure_bag":3,"minecraft:chicken":1,"minecraft:iron_pickaxe":134,"minecraft:leather_helmet":1,"minecraft:stone_axe":150,"minecraft:cobblestone":55,"minecraft:cooked_porkchop":15,"minecraft:red_banner":1,"minecraft:bucket":3,"minecraft:pumpkin_pie":8,"minecraft:dandelion":4,"minecraft:chainmail_leggings":1}},"DataVersion":3465}