{"stats":{"minecraft:broken":{"minecraft:golden_boots":1,"simplyswords:iron_katana":1,"simplyswords:iron_twinblade":1,"minecraft:stone_axe":1,"minecraft:wooden_axe":1},"minecraft:mined":{"minecraft:large_amethyst_bud":2,"minecraft:white_bed":5,"botania:red_mystical_flower":1,"alexsmobs:leafcutter_anthill":3,"minecraft:brewing_stand":1,"minecraft:coal_block":3,"epicsamurai:deepslate_jade_ore":13,"minecraft:iron_ore":10,"minecraft:stripped_dark_oak_wood":1,"epicsamurai:deepslate_silver_ore":8,"botania:brown_mystical_flower":5,"botania:light_blue_mystical_flower":2,"botania:orange_mystical_flower":6,"minecraft:amethyst_cluster":2,"minecraft:powder_snow":1,"minecraft:torch":2,"minecraft:note_block":2,"minecraft:calcite":2,"minecraft:chest":3,"minecraft:cobblestone":6,"botania:blue_mystical_flower":6,"minecraft:oak_planks":4,"botania:blue_double_flower":1,"minecraft:pink_petals":3,"minecraft:birch_log":6,"epicpaladins:deepslate_cryorium_ore":1,"minecraft:black_bed":2,"minecraft:grass":31,"minecraft:oak_log":56,"minecraft:sand":1,"minecraft:smooth_basalt":1,"minecraft:oak_leaves":3,"minecraft:deepslate":16,"minecraft:dark_prismarine":1,"minecraft:deepslate_diamond_ore":5,"minecraft:redstone_wire":1,"alexsmobs:leafcutter_ant_chamber":18,"epicpaladins:deepslate_arclight_ore":15,"minecraft:hay_block":27,"botania:magenta_mystical_flower":2,"minecraft:furnace":1,"minecraft:bookshelf":36,"dynamictrees:oak_branch":10,"minecraft:deepslate_iron_ore":3,"minecraft:stone":47,"minecraft:white_wool":13,"epicpaladins:deepslate_bloodstone_ore":3,"epicsamurai:deepslate_aquamarine_ore":5,"minecraft:crafting_table":3,"minecraft:tall_grass":5,"minecraft:diorite":1,"minecraft:air":2,"minecraft:birch_planks":1,"minecraft:birch_leaves":1,"minecraft:red_wall_banner":1,"minecraft:fern":2},"minecraft:dropped":{"minecraft:crossbow":1,"minecraft:chest_minecart":1,"minecraft:rail":7,"minecraft:birch_slab":1,"minecraft:sand":16,"minecraft:glistering_melon_slice":13,"botania:light_blue_petal":1,"minecraft:bone":1,"minecraft:detector_rail":6,"minecraft:cobbled_deepslate":53,"minecraft:birch_sapling":1,"minecraft:beetroot":2,"minecraft:rotten_flesh":7,"minecraft:oak_planks":5,"justhammers:iron_hammer":1,"minecraft:chainmail_chestplate":1,"minecraft:beetroot_seeds":2,"minecraft:melon_seeds":4,"minecraft:chest":1,"spore:armor_fragment":1,"minecraft:egg":2,"minecraft:iron_ingot":1,"minecraft:bread":24,"minecraft:wheat_seeds":1,"minecraft:tnt":1,"minecraft:iron_helmet":1,"minecraft:cobblestone":271,"minecraft:activator_rail":2,"minecraft:chainmail_helmet":1,"minecraft:diorite":14,"minecraft:chainmail_leggings":1,"minecraft:string":3,"minecraft:pink_petals":3,"tombstone:voodoo_poppet":1,"spore:claw_fragment":2,"alexsmobs:maggot":2,"minecraft:coarse_dirt":11,"minecraft:bowl":5,"epicpaladins:bloodstone_gem":1,"minecraft:name_tag":1,"minecraft:potato":1,"minecraft:iron_chestplate":1,"minecraft:andesite":11,"minecraft:spider_eye":1,"minecraft:sandstone":1,"minecraft:calcite":1},"minecraft:killed_by":{"minecraft:zombie":1},"minecraft:killed":{"minecraft:cave_spider":2,"minecraft:spider":8,"minecraft:skeleton":20,"alexsmobs:leafcutter_ant":4,"irons_spellbooks:summoned_skeleton":1,"minecraft:pig":2,"spore:inf_player":1,"spore:inf_wanderer":2,"minecraft:zombie_villager":1,"alexsmobs:seal":4,"majruszsdifficulty:tank":1,"spore:inf_drowned":2,"irons_spellbooks:necromancer":1,"minecraft:creeper":13,"minecraft:sheep":8,"spore:inf_villager":19,"minecraft:pillager":5,"minecraft:zombie":55,"spore:inf_human":39,"minecraft:stray":3,"alexsmobs:fly":1,"minecraft:cow":4,"irons_spellbooks:summoned_zombie":3,"minecraft:drowned":1,"minecraft:husk":17,"spore:inf_pillager":13,"spore:inf_witch":2,"spore:busser":2,"minecraft:enderman":1},"minecraft:used":{"minecraft:chest":20,"minecraft:rotten_flesh":14,"minecraft:mutton":4,"minecraft:carrot":5,"majruszsdifficulty:golden_bandage":4,"minecraft:furnace":3,"minecraft:egg":1,"minecraft:golden_boots":1,"simplyswords:iron_rapier":27,"minecraft:stone_pickaxe":55,"minecraft:oak_planks":14,"minecraft:ender_pearl":1,"minecraft:wooden_pickaxe":26,"minecraft:leather_chestplate":1,"minecraft:chainmail_helmet":1,"minecraft:mushroom_stew":5,"minecraft:note_block":1,"minecraft:black_bed":1,"minecraft:bread":79,"travelersbackpack:pumpkin":5,"alexsmobs:leafcutter_ant_chamber":1,"minecraft:torch":7,"minecraft:brewing_stand":1,"minecraft:dirt":19,"simplyswords:iron_katana":263,"minecraft:chainmail_chestplate":1,"minecraft:wooden_axe":70,"minecraft:iron_axe":8,"dynamictrees:birch_seed":1,"minecraft:beef":6,"tombstone:gift":5,"minecraft:cooked_beef":14,"minecraft:cooked_mutton":7,"simplyswords:diamond_katana":233,"minecraft:birch_planks":12,"ironchest:wood_to_copper_chest_upgrade":1,"minecraft:crafting_table":8,"justhammers:diamond_hammer":13,"simplyswords:iron_twinblade":250,"minecraft:white_bed":5,"minecraft:cake":2,"alexsmobs:leafcutter_ant_pupa":1,"justhammers:iron_hammer":86,"minecraft:apple":1,"majruszsdifficulty:undead_army_treasure_bag":2,"minecraft:iron_pickaxe":98,"minecraft:leather_helmet":1,"minecraft:stone_axe":150,"minecraft:cobblestone":54,"minecraft:cooked_porkchop":8,"minecraft:red_banner":1,"minecraft:pumpkin_pie":8,"minecraft:chainmail_leggings":1},"minecraft:picked_up":{"irons_spellbooks:scroll":2,"spore:mutated_heart":12,"minecraft:iron_chestplate":1,"epicsamurai:steel_ingot":30,"minecraft:enchanted_book":2,"minecraft:brewing_stand":1,"minecraft:string":27,"minecraft:raw_copper":43,"epicpaladins:bloodstone_gem":10,"minecraft:activator_rail":4,"irons_spellbooks:arcane_essence":1,"minecraft:cobbled_deepslate":164,"minecraft:calcite":2,"irons_spellbooks:blank_rune":1,"minecraft:coal_block":3,"alexsmobs:leafcutter_ant_chamber":19,"minecraft:iron_boots":1,"minecraft:furnace":1,"minecraft:stick":26,"epicpaladins:arclight_gem":39,"minecraft:torch":6,"minecraft:porkchop":5,"tombstone:grave_dust":7,"minecraft:diorite":15,"minecraft:rotten_flesh":132,"epicpaladins:cryorium_gem":14,"majruszsdifficulty:undead_army_treasure_bag":1,"minecraft:cobblestone":695,"minecraft:birch_log":10,"minecraft:pink_petals":3,"minecraft:cooked_beef":14,"minecraft:birch_slab":1,"minecraft:andesite":11,"minecraft:black_bed":1,"minecraft:potato":1,"minecraft:flint":1,"minecraft:tuff":5,"minecraft:lapis_lazuli":60,"minecraft:dirt":19,"minecraft:name_tag":3,"minecraft:bone":43,"minecraft:wheat_seeds":2,"minecraft:glowstone_dust":2,"minecraft:oak_planks":4,"epicsamurai:raw_silver":8,"spore:cerebrum":13,"spore:armor_fragment":2,"minecraft:sand":30,"minecraft:ink_sac":4,"minecraft:dark_prismarine":1,"spore:claw_fragment":4,"minecraft:bundle":1,"minecraft:diamond":5,"minecraft:crossbow":1,"minecraft:granite":74,"minecraft:bread":10,"alexsmobs:maggot":3,"spore:spine_fragment":6,"minecraft:oak_sapling":21,"minecraft:coarse_dirt":22,"minecraft:crafting_table":3,"artifacts:night_vision_goggles":1,"minecraft:chest_minecart":1,"minecraft:golden_pickaxe":1,"minecraft:flint_and_steel":1,"epicsamurai:jade":22,"botania:magenta_mystical_flower":2,"minecraft:detector_rail":6,"minecraft:beef":9,"minecraft:chest":4,"minecraft:birch_sapling":1,"minecraft:egg":3,"minecraft:raw_iron":43,"minecraft:sandstone":1,"spore:wing_membrane":1,"minecraft:note_block":2,"minecraft:redstone":1,"alexsmobs:leafcutter_ant_pupa":4,"botania:overgrowth_seed":1,"botania:black_lotus":1,"minecraft:tnt":1,"minecraft:arrow":49,"minecraft:beetroot_seeds":2,"minecraft:hay_block":27,"botania:blue_mystical_flower":6,"tombstone:essence_of_undeath":1,"minecraft:glistering_melon_slice":26,"minecraft:glow_berries":6,"minecraft:mutton":19,"minecraft:white_wool":53,"minecraft:rail":11,"simplyswords:iron_katana":1,"minecraft:leather":10,"minecraft:oak_log":65,"minecraft:chainmail_chestplate":1,"minecraft:gunpowder":14,"tombstone:voodoo_poppet":1,"tombstone:gift":1,"botania:light_blue_mystical_flower":2,"botania:black_mystical_flower":1,"minecraft:apple":1,"majruszsdifficulty:tattered_leggings":1,"minecraft:heart_of_the_sea":1,"minecraft:iron_ingot":5,"dynamictrees:birch_seed":1,"minecraft:cobweb":4,"spore:mutated_fiber":134,"epicsamurai:aquamarine":5,"minecraft:book":108,"epicsamurai:onyx":3,"minecraft:amethyst_shard":8,"minecraft:red_banner":1,"minecraft:white_bed":5,"minecraft:spider_eye":2,"minecraft:chainmail_leggings":2,"minecraft:iron_helmet":1,"travelersbackpack:pumpkin":1,"minecraft:cherry_sapling":2,"minecraft:gray_wool":1,"tombstone:magic_scroll":2,"minecraft:melon_seeds":7,"botania:brown_mystical_flower":4,"minecraft:coal":41,"minecraft:ender_pearl":2},"minecraft:crafted":{"minecraft:oak_planks":228,"epicsamurai:gold_samurai_helmet_master":1,"minecraft:cooked_mutton":7,"minecraft:iron_boots":1,"sophisticatedbackpacks:copper_backpack":2,"justhammers:diamond_hammer":1,"minecraft:chest":18,"epicsamurai:blue_samurai_chestplate":1,"ironchest:wood_to_copper_chest_upgrade":1,"sophisticatedbackpacks:backpack":1,"minecraft:cooked_porkchop":8,"minecraft:crafting_table":6,"minecraft:wooden_pickaxe":1,"minecraft:copper_ingot":49,"minecraft:birch_planks":40,"simplyswords:diamond_katana":1,"minecraft:stick":16,"minecraft:iron_ingot":26,"minecraft:iron_pickaxe":1,"minecraft:gold_ingot":4,"minecraft:coal":27,"minecraft:iron_nugget":9,"simplyswords:iron_twinblade":1,"minecraft:furnace":2,"minecraft:iron_axe":1,"botania:flower_bag":1,"minecraft:stone_pickaxe":1,"simplyswords:iron_rapier":1,"botania:light_blue_petal":2,"minecraft:wheat":243,"sophisticatedbackpacks:iron_backpack":2,"sophisticatedbackpacks:gold_backpack":2,"minecraft:stone_axe":2,"minecraft:bread":81,"minecraft:air":0,"justhammers:iron_hammer":1,"epicsamurai:green_samurai_boots_light":1,"minecraft:wooden_axe":1,"minecraft:torch":44,"epicsamurai:green_samurai_leggings":1},"minecraft:custom":{"minecraft:interact_with_crafting_table":58,"minecraft:open_barrel":46,"minecraft:eat_cake_slice":15,"minecraft:leave_game":9,"minecraft:time_since_death":152821,"minecraft:damage_resisted":125,"minecraft:sprint_one_cm":463389,"minecraft:drop":69,"minecraft:play_noteblock":7,"minecraft:play_time":294656,"minecraft:deaths":4,"minecraft:jump":2709,"minecraft:interact_with_brewingstand":1,"minecraft:walk_on_water_one_cm":139488,"minecraft:interact_with_furnace":29,"minecraft:sleep_in_bed":6,"minecraft:waystone_activated":1,"minecraft:damage_dealt":46037,"minecraft:crouch_one_cm":2959,"tombstone:undead_killed":104,"minecraft:mob_kills":243,"minecraft:damage_dealt_resisted":15,"minecraft:climb_one_cm":9845,"minecraft:walk_one_cm":695474,"minecraft:sneak_time":2173,"minecraft:walk_under_water_one_cm":41057,"minecraft:interact_with_blast_furnace":1,"minecraft:total_world_time":294656,"tombstone:raider_killed":5,"minecraft:tune_noteblock":1,"minecraft:time_since_rest":102353,"minecraft:damage_taken":10029,"minecraft:swim_one_cm":73850,"minecraft:fly_one_cm":1075277,"minecraft:open_chest":99,"minecraft:fall_one_cm":81710}},"DataVersion":3465}